商品名,规格,物料号,天猫是否上架,天猫平台ID
MIG/MAG,TPS2700 脉冲MIG/MAG焊机,4.075.095,是,739735088340
MIG/MAG,TPS2700 脉冲MIG/MAG焊机测试2,4.075.095,是,739735088341
MIG/MAG,TPS3200脉冲MIG/MAG焊机,4.075.124,是,739735088340
MIG/MAG,TPS4000脉冲MIG/MAG焊机,4.075.100,是,739735088340
MIG/MAG,TPS5000脉冲MIG/MAG焊机,4.075.102,是,739735088340
CMT,TPS2700CMT  MIG/MAG焊机,4.075.136,是,753676635982
CMT,TPS3200CMT  MIG/MAG焊机,4.075.137,是,753676635982
CMT,TPS4000CMT  MIG/MAG焊机,4.075.138,是,753676635982
CMT,TPS5000CMT  MIG/MAG焊机,4.075.139,是,753676635982
DC TIG,TT2200 JOB 氩弧焊机(DC),4.075.120,是,740139787090
DC TIG,TT3000 JOB 氩弧焊机(DC),4.075.154,是,740139787090
DC TIG,TT4000 JOB 氩弧焊机(DC),4.075.129,是,740139787090
DC TIG,TT5000 JOB 氩弧焊机(DC),4.075.131,是,740139787090
AC/DC TIG,MW2200 JOB 氩弧焊机(DC),4.075.119,是,739745376885
AC/DC TIG,MW3000 JOB 氩弧焊机(AC/DC),4.075.158,是,739745376885
AC/DC TIG,MW4000 JOB 氩弧焊机(AC/DC),4.075.133,是,739745376885
AC/DC TIG,MW5000 JOB 氩弧焊机(AC/DC),4.075.135,是,739745376885
Plasma,PM10等离子发生器,4.075.146,是,739944329689
车架,移动车架,02*4.045.839,是,739771428920
送丝机支架,送丝机支架,02*4.100.218,是,803079972348
TT2200支架,TT2200支架,02*4.100.218-TT2200,是,803079972348
底架,固定底座,02*4.045.881,是,740169995349
底架,固定底座,02*4.077.001,是,740169995349
固定片,固定片,BP2.0200.8837,是,739954301236
双脉冲,双脉冲功能软件,4.061.101,否,
无飞溅引弧,无飞溅引弧功能软件,4.061.102,否,
JOB浏览,JOB浏览功能软件,4.061.103,否,
OPC输出,OPC输出功能软件,4.061.105,否,
CC/CV热丝,CC/CV热丝功能软件,4.061.106,否,
双丝协同,双丝协同功能软件,4.061.110,否,
CMT升级,CMT升级功能软件,4.061.114,否,
单相电源线,单相电源线,02*43.0004.0519,是,740066462099
三相电源线,三相电源线,02*43.0004.0987,是,740066954037
VR4000,VR4000 MIG/MAG送丝机,4.045.831.000,是,740540528392
VR7000,VR7000 MIG/MAG送丝机,4.045.832.000,是,740539544915
VR1550,VR1550 MIG/MAG送丝机,4.049.013.000,是,
VR4000case,VR4000caseMIG/MAG送丝机,4.049.024,是,740806894410
KD1500D-11,KD1500D-11 TIG送丝机,4.045.958,是,740807378273
KD4000D-11,KD4000D-11  TIG送丝机,4.045.959,是,740807378273
送粉器,SFQ-A-01 送粉器,SFQ-A-01,否,
送丝机机器人安装座,ABB机器人安装座,/,否,
送丝机机器人安装座,FANUC机器人安装座,/,否,
送丝机机器人安装座,KUKA机器人安装座,/,否,
送丝机机器人安装座,MOTOMAN机器人安装座,/,否,
送丝机一体式底座,送丝机一体式底座,02*4.100.473,是,744584554205
冷却水箱,FK9000R 冷却水箱,4.045.906,是,786867756666
冷却水箱,FK4000R 冷却水箱,4.045.837,否,
冷却水箱,FK2200    冷却水箱,4.045.886,否,
冷却水箱,FK2500  冷却水箱,4.045.985,否,
制冷水箱,MCW-15 制冷水箱,FNS00039,否,
制冷水箱,MCW-35 制冷水箱,三河同飞水箱,否,
水流传感器,水流传感器,4.100.214,否,
双路串联水管,双路串联水管,4.100.390,否,
冷却液,冷却液 5L,40.0009.0180,否,
4.1.1TPS中继线,1.6m TPS 中继线（70mm2电缆）,4.047.324,是,
4.1.1TPS中继线,5m TPS 中继线（70mm2电缆）,4.047.261,是,
4.1.1TPS中继线,10m TPS 中继线（70mm2电缆）,4.047.262,是,
4.1.1TPS中继线,15m TPS 中继线（70mm2电缆）,4.047.290,是,
4.1.1TPS中继线,4m TPS 中继线（95mm2电缆）,4.047.291,是,
4.1.1TPS中继线,8m TPS 中继线（95mm2电缆）,4.047.292,是,
4.1.1TPS中继线,10m TPS 中继线（95mm2电缆）,4.047.396,是,
4.1.1TPS中继线,15m TPS 中继线（95mm2电缆）,4.047.319,是,
4.1.1TPS中继线,20m TPS 中继线（95mm2电缆）,4.047.320,是,
4.1.2CMT中继线,1.6 m CMT  中继线,4.047.726,是,782303818722
4.1.2CMT中继线,4m CMT  中继线,4.047.427,是,782303818722
4.1.2CMT中继线,8m CMT  中继线,4.047.428,是,782303818722
4.1.2CMT中继线,15m CMT  中继线,4.047.448,是,782303818722
4.1.3TIG中继线,2m TIG焊中继线,4.047.440,是,782264735094
4.1.3TIG中继线,5m TIG焊中继线,4.047.441,是,782264735094
4.1.3TIG中继线,10m TIG焊中继线,4.047.464,是,782264735094
4.1.4遥控线,3.5m遥控线 （MIG）,43.0004.2737,是,782378161938
4.1.4遥控线,5m遥控线 （MIG）,43.0004.0459,是,782378161938
4.1.4遥控线,10m遥控线 （MIG）,43.0004.0460,是,782378161938
4.1.4遥控线,20m遥控线 （MIG）,43.0004.0509,是,782378161938
4.1.4遥控线,30m遥控线 （MIG）,43.0004.0548,是,782378161938
4.1.4遥控线,3.5m遥控线 （TIG）,43.0004.2737T,是,782378161938
4.1.4遥控线,5m遥控线 （TIG）,43.0004.0459T,是,782378161938
4.1.4遥控线,10m遥控线 （TIG）,43.0004.0460T,是,782378161938
4.1.4遥控线,20m遥控线 （TIG）,43.0004.0509T,是,782378161938
4.1.4遥控线,30m遥控线 （TIG）,43.0004.0548T,是,782378161938
4.1.4遥控线,1m延长控制线,43.0004.2638,否,
延长控制线,5m延长控制线,43.0004.0633,否,
延长控制线,10m延长控制线,43.0004.1017,否,
LHSB线,2m LHSB 连线,43.0004.2501,否,
LHSB线,5m LHSB 连线,43.0004.2633,否,
LHSB线,9m LHSB 连线,43.0004.2634,否,
LHSB线,16m LHSB 连线,43.0004.2818,否,
屏蔽网线,5米屏蔽网线RJ45,38.0003.0231,否,
屏蔽网线,10米屏蔽网线RJ45,38.0003.0231-10M,否,
屏蔽网线,15米屏蔽网线RJ45,38.0003.0231-15M,否,
屏蔽网线,20米屏蔽网线RJ45,38.0003.0231-20M,否,
屏蔽网线,一分二连线,4.100.261,否,
总线通讯接口,Devicenet通讯接口,4.100.614,否,
总线通讯接口,profinet通讯接口,4.045.980C,否,
总线通讯接口,profibus通讯接口,4.100.491,否,
ROB 5000 I/O通讯接口,ROB5000 I/O通讯接口,4.100.255-N,否,
遥控器,TR1000手持遥控器,4.046.082,否,
遥控器,TR2200脚踏遥控器/TR 2200-F with cable 5m,4.046.090,是,784382037957
遥控器,脚踏遥控器RC Pedal TIG/TMC/5m,4.046.110,否,
遥控器,RCU4000面板遥控器,4.045.859,否,
遥控器,RCU5000i 全动能遥控器,4.046.098,否,
其它,外置高频盒,4.045.992,否,
5.1.1手工MIG枪,AW5000 U/D F++ 3.5m手工MIG焊枪 ,4.035.618.000,否,
5.1.1手工MIG枪,AW5000 U/D F++  4.5m手工MIG焊枪,4.035.618.001,否,
5.1.1手工MIG枪,AW5000 U/D E 3.5m 手工MIG焊枪,4.035.619.000,否,
5.1.1手工MIG枪,AW5000 U/D E 4.5m 手工MIG焊枪 ,4.035.619.001,否,
5.1.2手工TIG焊枪,TTW4000A U/D/ 4m 手工TIG焊枪,4.035.778,是,747735859728
5.1.2手工TIG焊枪,TTW4000A U/D/ 8m 手工TIG焊枪,4.035.779,是,747735859728
5.1.2手工TIG焊枪,TTW4000P U/D/ 4m 手工TIG焊枪,4.035.778.630,是,747735859728
5.1.2手工TIG焊枪,TTW4000P U/D/ 8m 手工TIG焊枪,4.035.779.630,是,747735859728
5.1.2手工TIG焊枪,TTW4000P-M F++/4m机用焊枪,4.035.824.630,是,747735859728
5.1.2手工TIG焊枪,TTW4000P-M F++/8m 机用焊枪,4.035.825.630,是,747735859728
5.1.3手工微束plasma枪,TP50手工微束等离子焊枪,SBI 1017524,否,
5.1.4手工plasma枪,TP200 4m手工等离子焊枪,SBI 1017666,否,
5.1.5手工等离子喷粉枪（PTA）,PP150 4m 手工等离子喷粉焊枪,SBI 1025702,否,
5.1.5手工等离子喷粉枪（PTA）,PP280- 4m 手工等离子喷粉焊枪,SBI 1423,否,
5.1.6 TTB220氩弧焊枪,THP 220i G ML/F/UD/4m/LED,4.051.305,是,784371757773
5.1.6 TTB220氩弧焊枪,THP 220i G ML/F/UD/8m/LED,4.051.306,是,784371757773
5.1.6 TTB220氩弧焊枪,THP 220i G ML/F/UD/Le/4m/LED,4.051.309,是,784371757773
5.1.6 TTB220氩弧焊枪,THP 220i G ML/F/UD/Le/8m/LED,4.051.310,是,784371757773
5.1.6 TTB220氩弧焊枪,THP 220i G ML/F/JM/Le/4m/LED,4.051.311,是,784371757773
5.1.6 TTB220氩弧焊枪,THP 220i G ML/F/JM/Le/8m/LED,4.051.312,是,784371757773
5.1.6 TTB220氩弧焊枪,THP 220d G ML/F/UD/4m,4.051.402,是,784371757773
5.1.6 TTB220氩弧焊枪,THP 220d G ML/F/UD/8m,4.051.403,是,784371757773
5.1.6 TTB220氩弧焊枪,TTB 220P G ML/70° /L65 仅枪颈,44.0350.4409,是,784371757773
5.1.6 TTB220氩弧焊枪,TTB 220A G ML/70°/L65 仅枪颈,44.0350.4408,是,784371757773
5.1.7TTB400氩弧焊枪,THP 400d W ML/F++/UD/Le/4m,4.051.408,是,784361344501
5.1.7TTB400氩弧焊枪,THP 400d W ML/F++/UD/Le/8m,4.051.409,是,784361344501
5.1.7TTB400氩弧焊枪,THP 400i W ML/F++/UD/Le/4m/LED ,4.051.329,是,784361344501
5.1.7TTB400氩弧焊枪,THP 400i W ML/F++/UD/Le/8m/LED ,4.051.330,是,784361344501
5.1.7TTB400氩弧焊枪,THP 400i W ML/F++/JM/Le/4m/LED ,4.051.331,是,784361344501
5.1.7TTB400氩弧焊枪,THP 400i W ML/F++/JM/Le/8m/LED ,4.051.332,是,784361344501
5.1.7TTB400氩弧焊枪,TTB 400A W ML/70° /L65 ,44.0350.4413,是,784361344501
5.1.7TTB400氩弧焊枪,TTB 400P W ML/70° /L65 ,44.0350.4414,是,784361344501
5.2.1机用MIG推丝枪,Robot W焊枪电缆/1.2m ,4.047.255.000,否,
5.2.1机用MIG推丝枪,Robot W焊枪电缆/1.5m ,4.047.234.000,否,
5.2.1机用MIG推丝枪,Robot W焊枪电缆/1.75m ,4.047.323.000,否,
5.2.1机用MIG推丝枪,Robot W焊枪电缆/2.5m ,4.047.235.000,否,
5.2.1机用MIG推丝枪,Robot W焊枪电缆/3.5m ,4.047.236.000,否,
5.2.1机用MIG推丝枪,Robot W焊枪电缆/4.5m ,4.047.248.000,否,
5.2.2机用MIG拉丝枪,RA Drive拉丝枪电缆1.50m ,4.047.368.000,否,
5.2.2机用MIG拉丝枪,RA Drive拉丝枪电缆1.75m ,4.047.436.000,否,
5.2.2机用MIG拉丝枪,RA Drive拉丝枪电缆2.50m ,4.047.369.000,否,
5.2.2机用MIG拉丝枪,RA Drive拉丝枪电缆3.50m ,4.047.370.000,否,
5.2.2机用MIG拉丝枪,RA Drive拉丝枪电缆4.25m ,4.047.349.000,否,
5.2.2机用MIG拉丝枪,RA Drive拉丝枪电缆6.25m ,4.047.402.000,否,
5.2.2机用MIG拉丝枪,RA Drive拉丝枪电缆8.25m ,4.047.371.000,否,
5.2.3机用CMT枪,CMT 中空型水冷马达,4.036.357,否,
5.2.3机用CMT枪,CMT 外置型水冷马达,4.036.319,否,
5.2.3机用CMT枪,CMT枪电缆 W 4.25m ,4.047.429.000,否,
5.2.3机用CMT枪,CMT枪电缆 W 6.25m ,4.047.430.000,否,
5.2.3机用CMT枪,CMT枪电缆 W 8.25m ,4.047.447.000,否,
5.2.3机用CMT枪,CMT枪电缆-中空型/4.25m ,4.047.870.000,否,
5.2.3机用CMT枪,CMT枪电缆-中空型/6.25m,4.047.557.000,否,
5.2.3机用CMT枪,CMT枪电缆-中空型/8.25m,4.047.559.000,否,
5.2.4CMT 缓冲器,CMT 缓冲器 4.25m/1.2m ,4.001.635.U,否,
5.2.4CMT 缓冲器,CMT 缓冲器 4.25m/1.6m ,4.001.650.U,否,
5.2.4CMT 缓冲器,CMT 缓冲器 6.25m,4.001.698,否,
5.2.4CMT 缓冲器,CMT 缓冲器 8.25m,4.001.699,否,
5.2.5R5000枪头,RA 5000   0  L = 250 ,34.0350.1972,否,
5.2.5R5000枪头,RA 5000 22  L = 241 H = 50 ,34.0350.1973,否,
5.2.5R5000枪头,RA 5000 22  L = 383 H = 50 ,44.0350.2489,否,
5.2.5R5000枪头,RA 5000 36  L = 224 H = 86 ,34.0350.1974,否,
5.2.5R5000枪头,RA 5000 36  L = 366 H = 86 ,44.0350.2490,否,
5.2.5R5000枪头,RA 5000 45  L = 209 H = 107 ,34.0350.1975,否,
5.2.5R5000枪头,RA 5000 45  L = 351 H = 107 ,44.0350.2491,否,
5.2.6RA280枪头,RA 280   0  L = 250 ,34.0350.1778,否,
5.2.6RA280枪头,RA 280   0  L = 335 ,44.0350.3366,否,
5.2.6RA280枪头,RA 280 22  L = 246 H = 27 ,34.0350.1779,否,
5.2.6RA280枪头,RA 280 22  L = 331 H = 27 ,44.0350.3367,否,
5.2.6RA280枪头,RA 280 36  L = 236 H = 44.5 ,44.0350.2628,否,
5.2.6RA280枪头,RA 280 36  L = 321 H = 44.5 ,44.0350.3368,否,
5.2.6RA280枪头,RA 280 45  L = 228.5 H = 56.5 ,34.0350.1780,否,
5.2.6RA280枪头,RA 280 45  L = 313.5 H = 56.5 ,44.0350.3369,否,
5.2.6RA280枪头,RA 280 60  L = 297.5.5 H = 71 ,44.0350.3373,否,
5.2.7CMT双丝枪头,CMT双丝PB 30度枪头,44.0350.3339.630,是,744698848081
5.2.8激光柔性送丝枪头,激光柔性送丝枪头(气冷） HW/G/0.37m ,34.0350.1846,否,
5.2.8激光柔性送丝枪头,激光柔性送丝枪头 0.62m Holder 31mm ,4.035.837,否,
5.2.8激光柔性送丝枪头,激光柔性送丝枪头 0.62m Holder 31mm ,4.035.841,否,
5.2.8激光柔性送丝枪头,激光柔性送丝枪头 0.62m Holder 69mm ,4.035.910,否,
5.2.9机器人TIG焊枪,Robacta TTW4500 TIG焊枪/1.35m ,4.047.472,否,
5.2.9机器人TIG焊枪,Robacta TTW4500 TIG焊枪/6m,4.047.442,否,
5.2.9机器人TIG焊枪,Robacta TTW4500 TIG焊枪/8m,4.047.443,否,
5.2.10内孔堆焊TIG枪,TTHW4000M D76内孔堆焊枪,4.036.340,否,
5.2.10内孔堆焊TIG枪,TTHW3000M D45内孔堆焊枪,4.036.335,否,
机用微束等离子枪,TP50-R-180° 4m机用微束等离焊枪,SBI 1017529,否,
机用微束等离子枪,TP50-R-70°  4m机用微束等离焊枪,SBI 1018196,否,
200A等离子焊枪,TP200-R-180°. 6m机用等离子焊枪,SBI 1017327,否,
200A等离子焊枪,TP200-R-70°. 6m 机用等离子焊枪,SBI 1017665,否,
350A等离子焊枪,TP350-R-0°; 6m 机用等离子焊枪,SBI 14,否,
450A等离子焊枪,TP450-R-180°. 6m机用等离子焊枪,SBI 14,否,
内孔PTA喷粉枪,PP200-R-180°. 6m机用PTA喷粉枪,SBI 14682,否,
200A PTA喷粉枪,PP200-R-I-90°. 4m. L= 920机用PTA喷粉枪,SBI 1028833,否,
400A PTA喷粉枪,PP400-R-180°. 6m机用PTA喷粉枪,SBI 1025728,否,
5.3.1推丝管,推丝管 KD F/3m ,4.045.949,否,
5.3.2拉丝管,拉丝管KD-Drive F/6m ,4.045.950,否,
5.3.3防撞器,外置型磁性防撞器,44.0350.3856,否,
5.3.3防撞器,类防撞器部件,44.0350.2664,否,
5.3.3防撞器,KS-2 机械式防撞器,TBI0074,否,
5.3.3防撞器,CAT3防撞器,44.0450.1144,否,
5.3.3防撞器,适配法兰31.5 4M5 40 ,02*42.0100.1402,否,
5.3.3防撞器,适配法兰40 4M6 50 ,02*42.0100.1403,否,
5.3.3防撞器,适配法兰50 6M6 63 ,02*42.0100.1404,否,
5.3.3防撞器,适配法兰50 6M6 60,02*42.0100.0577,否,
5.3.4CMT马达固定座,CMT马达固定座 22 0,02*42.0201.2123,否,
5.3.4CMT马达固定座,CMT马达固定座 36 0,02*42.0201.2124,否,
5.3.4CMT马达固定座,CMT马达固定座22/ 36 0,02*42.0201.2122,否,
5.3.5防撞器过渡支架,防撞器过渡支架,02*42.0201.2553,否,
5.3.5防撞器过渡支架,防撞器过渡支架CAT3,02*42.0201.2553-Cat3,否,
5.3.6焊枪夹持器,拉丝焊枪夹持器,32.0201.0045,否,
5.3.6焊枪夹持器,推丝焊枪夹持器,42.0201.0005,否,
5.3.6焊枪夹持器,CMT TWIN焊枪夹持器,44.0350.3348,否,
5.3.6焊枪夹持器,TTW4500焊枪连接块,42.0201.1662,否,
5.3.6焊枪夹持器,直柄TIG焊枪夹持器 ,02*42.0201.0135,否,
5.3.7缓冲器固定座,缓冲器固定座（ABB）,02*4.001.642,否,
5.3.7缓冲器固定座,缓冲器固定座（通用型）,02*4.001.643,否,
MIG枪喷咀固定环,喷咀固定环(RA280),42.0400.1014,是,748358444384
MIG枪喷咀固定环,喷咀固定环(AW4000),/,是,748358444384
MIG枪喷咀固定环,喷咀固定环(RA5000/AW5000),42.0001.2970,是,748358444384
MIG焊枪绝缘环,绝缘环(RA280),42.0100.0449,是,748365376223
MIG焊枪绝缘环,绝缘环(AW4000),/,是,748365376223
MIG焊枪绝缘环,绝缘环(RA5000/AW5000),42.0100.1016,是,748365376223
MIG焊枪导电咀座,导电咀座(RA280),42.0001.5044,是,748604622755
MIG焊枪导电咀座,加长导电咀座(RA280),42.0001.5382,是,748604622755
MIG焊枪导电咀座,导电咀座(AW4000),/,是,748604622755
MIG焊枪导电咀座,导电咀座(RA5000/AW5000),42.0001.5122,是,748604622755
MIG焊枪分流套,分流套(RA280),42.0100.0134,是,748632706738
MIG焊枪分流套,分流套(RA5000/AW5000),42.0100.1007,是,748632706738
MIG焊枪喷咀（RA280）,RA280喷咀?13/?25x48,42.0001.5042,是,749192711012
MIG焊枪喷咀（RA281）,RA280喷咀?13/?25x43,42.0001.5041,否,
MIG焊枪喷咀（RA282）,RA280喷咀?13/?25x37,42.0001.5665,否,
MIG焊枪喷咀（RA283）,RA280加长喷咀?13/?25x65,42.0001.5381,是,749192711012
MIG焊枪喷咀（AW/RA5000）,RA/AW5000喷咀?20/?25x79,42.0001.5127,是,749259385032
MIG焊枪喷咀（AW/RA5001）,RA/AW5000喷咀?17/?25x79,42.0001.5128,是,749259385032
MIG焊枪喷咀（AW/RA5002）,RA/AW5000喷咀?17/?25x74.5,42.0001.5607,是,749259385032
MIG焊枪喷咀（AW/RA5003）,RA/AW5000喷咀?15/?25x79,42.0001.5129,是,749259385032
M6导电咀,M6导电咀0.8/?8x33,42.0001.0053,是,759914705455
M6导电咀,M6导电咀0.8/?8x24,42.0001.1373,否,
M6导电咀,M6导电咀1.0/?8x33,42.0001.0054,是,759914705455
M6导电咀,M6导电咀1.0/?8x24,42.0001.1391,否,
M6导电咀,M6导电咀1.2/?8x33,42.0001.0055,是,759914705455
M6导电咀,M6导电咀1.2/?8x24,42.0001.1392,是,759914705455
M6导电咀,M6导电咀1.6/?8x33,42.0001.0056,否,
M6导电咀,M6导电咀1.6/?8x24,42.0001.1393,是,759914705455
M8导电咀,M8导电咀0.8/?8x35,42.0001.2911,否,
M8导电咀,M8导电咀1.0/?8x35,42.0001.2912,是,759838828785
M8导电咀,M8导电咀1.2/?8x35,42.0001.2913,是,759838828785
M8导电咀,M8导电咀0.8/?8x35铝,42.0001.5082,是,759838828785
M8导电咀,M8导电咀1.0/?8x35铝,42.0001.5051,是,759838828785
M8导电咀,M8导电咀1.2/?8x35铝,42.0001.5052,是,759838828785
M8导电咀,M8导电咀1.6/?8x35铝,42.0001.3485,是,759838828785
M10导电咀,M10导电咀0.8/M10/?10x40,42.0001.1576,是,758771640961
M10导电咀,M10导电咀1.0/M10/?10x40,42.0001.1577,是,758771640961
M10导电咀,M10导电咀1.2/M10/?10x40,42.0001.1578,是,758771640961
M10导电咀,M10导电咀1.6/M10/?10x4,42.0001.1579,是,758771640961
M10导电咀,M10导电咀1.8/M10/?10x40,42.0001.2314,是,758771640961
M10导电咀,M10导电咀2.0/M10/?10x40,42.0001.1662,是,758771640961
M10导电咀,M10导电咀2.4/M10/?10x40,42.0001.1663,是,758771640961
M10导电咀,M10导电咀2.8/M10/?10x40,42.0001.1664,是,758771640961
M10导电咀,M10导电咀1.0/M10/L40铝,42.0001.5057,是,758771640961
M10导电咀,M10导电咀1.2/M10/L40铝,42.0001.5058,是,758771640961
M10导电咀,M10导电咀1.6/M10/L40铝,42.0001.5060,是,758771640961
M10导电咀,M10导电咀1.8/M10/L40铝,42.0001.5061,是,758771640961
contec导电咀,Contec 导电咀,42.0001.3912,是,760487466065
contec导电咀,Contec 锁紧螺母,42.0001.6336,是,760487466065
contec导电咀,contec导电咀座RA280,44.0350.3211,是,760487466065
contec导电咀,contec导电咀座RA5000,44.0350.3213,是,760487466065
contec导电咀,Contec 分流套,42.0100.0134,是,760487466065
TIG焊枪枪尾,长枪尾（TTW3000A/PTW1500/TTW4500）,44.0350.0336,否,
TIG焊枪枪尾,中枪尾（TW3000A/PTW1500/TTW4500）,44.0350.0337,否,
TIG焊枪枪尾,短枪尾（TW3000A/PTW1500/TTW4500）,44.0350.0338,否,
TIG焊枪枪尾,长枪尾（TTW4000A）,44.0350.0170,否,
TIG焊枪枪尾,短枪尾（TTW4000A）,44.0350.0171,否,
TIG焊枪枪尾,长枪尾（TTW3000P）,44.0350.1495,否,
TIG焊枪枪尾,中枪尾（TTW3000P）,44.0350.1496,否,
TIG焊枪枪尾,短枪尾（TTW3000P）,44.0350.1761,否,
TIG焊枪枪尾,长枪尾（TTW4000P）,44.0350.1597,否,
TIG焊枪枪尾,短尾（TTW4000P）,44.0350.1596,否,
TIG焊枪绝缘环, 绝缘环（TTW3000P）,42.0100.0391,否,
TIG焊枪绝缘环,绝缘环（TTW3000P 大气塞),42.0100.0407,否,
TIG焊枪绝缘环,绝缘环（TTW4000P）,42.0100.0408,否,
TIG焊枪绝缘环,绝缘环（TTW4000P 气塞）,42.0100.0401,否,
TIG焊枪绝缘环,绝缘环(TTW4000P 大气塞) ,42.0100.0402,否,
TIG焊枪绝缘环,绝缘环（TTW4500/PTW1500 plasma）,42.0100.1166,否,
钨针夹（TTW3000P）,钨针夹1.0 L=25 （TTW3000P ）,42.0001.3000,否,
钨针夹（TTW3000P）,钨针夹1.6 L=25  （TTW3000P ）,42.0001.2571,否,
钨针夹（TTW3000P）,钨针夹2.4 L=25  （TTW3000P ）,42.0001.2572,否,
钨针夹（TTW3000P）,钨针夹3.2 L=25 （TTW3000P ）,42.0001.2573,否,
钨针夹（TTW3000P）,钨针夹（大气筛）1.0  L=40 TTW3000P,42.0001.2826,否,
钨针夹（TTW3000P）,钨针夹（大气筛）1.6  L=40 TTW3000P,42.0001.3001,否,
钨针夹（TTW3000P）,钨针夹（大气筛）2.4  L=40 TTW3000P,42.0001.3008,否,
钨针夹（TTW3000P）,钨针夹（大气筛）3.2  L=40 TTW3000P,42.0001.3009,否,
钨针夹（TTW4000P）,钨针夹（TTW4000P）1.0/D6.35x50,42.0001.0284,否,
钨针夹（TTW4000P）,钨针夹（TTW4000P）1.6/D6.35x50,42.0001.0285,否,
钨针夹（TTW4000P）,钨针夹（TTW4000P）2.4/D6.35x50,42.0001.0286,否,
钨针夹（TTW4000P）,钨针夹（TTW4000P）3.2/D6.35x50,42.0001.0287,否,
钨针夹（TTW4000P）,钨针夹（TTW4000P）4.0/D6.35x50,42.0001.2577,否,
钨针夹(TTW3000A),钨针夹1.0 L=12.7 （TTW3000A ）,42.0001.1148,否,
钨针夹(TTW3000A),钨针夹1.6 L=12.7  （TTW3000A ）,42.0001.1149,否,
钨针夹(TTW3000A),钨针夹2.4 L=12.7  （TTW3000A ）,42.0001.1150,否,
钨针夹(TTW3000A),钨针夹3.2 L=12.7 （TTW3000A ）,42.0001.1151,否,
钨针夹(TTW4000A),钨针夹1.0 L=59 （TTW4000A ）,42.0001.0697,否,
钨针夹(TTW4000A),钨针夹1.6 L=59  （TTW4000A ）,42.0001.0698,否,
钨针夹(TTW4000A),钨针夹2.4 L=59  （TTW4000A ）,42.0001.0699,否,
钨针夹(TTW4000A),钨针夹3.2 L=59 （TTW4000A ）,42.0001.0700,否,
钨针夹(TTW4000A),钨针夹4.0 L=59 （TTW4000A ）,42.0001.0701,否,
钨针夹(TTW4500,钨针夹1.6 L=44 (TTW4500),42.0001.5794,否,
钨针夹(TTW4500,钨针夹2.4 L=44 (TTW4500),42.0001.5795,否,
钨针夹(TTW4500,钨针夹3.2 L=44 (TTW4500),42.0001.5796,否,
钨针夹(TTW4500,钨针夹4.0 L=44 (TTW4500),42.0001.5797,否,
钨针夹(TTW4500,钨针夹4.8L=44 (TTW4500),42.0001.5798,否,
钨针夹(PTW1500),钨针夹1.6 (PTW1500 plamsa),42.0001.5836,否,
钨针夹(PTW1500),钨针夹2.4 (PTW1500 plamsa),42.0001.5635,否,
钨针夹(PTW1500),钨针夹3.2 (PTW1500 plamsa),42.0001.5837,否,
钨针,铈钨针 WC20/D1.0x175 ,42.0411.4012,否,
钨针,铈钨针 WC20/D1.6x175 ,42.0411.4001,否,
钨针,铈钨针 WC20/D2.4x175 ,42.0411.4002,否,
钨针,铈钨针 WC20/D3.2x175 ,42.0411.4003,否,
钨针,铈钨针 WC20/D4.0x175 ,42.0411.4013,否,
钨针,铈钨针 WC20/D4.8x175 ,42.0411.4014,否,
钨针,铈钨针 WC20/D6.4x175 ,42.0411.4015,否,
钨针,纯钨针WP/D1.6x175 ,42.0411.4008,否,
钨针,纯钨针WP/D2.4x175 ,42.0411.4005,否,
钨针,纯钨针WP/D3.2x175 ,42.0411.4006,否,
钨针,纯钨针WP/D4.0x175 ,42.0411.4007,否,
钨针,纯钨针W/D4.8x175 ,42.0411.4009,否,
钨针,纯钨针WD6.4x175 ,42.0411.4021,否,
钨针,WL15镧钨针GP/D1.0x175 ,41.0010.0247,否,
钨针,WL15镧钨针GP/D1.6x175 ,41.0010.0246,否,
钨针,WL15镧钨针GP/D2.4x175 ,41.0010.0245,否,
钨针,WL15镧钨针GP/D3.2x175 ,41.0010.0244,否,
钨针,WL15镧钨针GP/D4.0x175 ,41.0010.0243,否,
钨针,WL15镧钨针GP/D4.8x175 ,41.0010.0242,否,
钨针夹套（TT3000P）,钨针夹套(TTW3000P) 1.0 L=20.6,42.0001.2827,否,
钨针夹套（TT3000P）,钨针夹套(TTW3000P) 1.6 L=20.6,42.0001.0260,否,
钨针夹套（TT3000P）,钨针夹套(TTW3000P) 2.4 L=20.6,42.0001.0261,否,
钨针夹套（TT3000P）,钨针夹套(TTW3000P) 3.2 L=20.6,42.0001.0262,否,
钨针夹套（TT4000P）,钨针夹套 1.0(TT4000P) L=47,42.0001.3032,否,
钨针夹套（TT4000P）,钨针夹套 1.6(TT4000P) L=47,42.0001.3033,否,
钨针夹套（TT4000P）,钨针夹套 2.4(TT4000P) L=47,42.0001.3034,否,
钨针夹套（TT4000P）,钨针夹套 3.2(TT4000P) L=47,42.0001.3035,否,
钨针夹套（TT4000P）,钨针夹套 4.0(TT4000P) L=47,42.0001.3036,否,
钨针夹套(TTW3000/4000A),钨针夹套1.0  L=10.3 TTW3000/4000A,42.0001.0692,否,
钨针夹套(TTW3000/4000A),钨针夹套1.6  L=10.3 TTW3000/4000A,42.0001.0693,否,
钨针夹套(TTW3000/4000A),钨针夹套2.4  L=10.3 TTW3000/4000A,42.0001.0694,否,
钨针夹套(TTW3000/4000A),钨针夹套3.2  L=10.3 TTW3000/4000A,42.0001.0695,否,
钨针夹套(TTW3000/4000A),钨针夹套4.0  L=10.3 TTW3000/4000A,42.0001.0696,否,
气塞（TT3000P）,气筛 1.0(TT3000P) L=23,42.0001.1343,否,
气塞（TT3000P）,气筛1.6(TT3000P) L=23,42.0001.1344,否,
气塞（TT3000P）,气筛2.4(TT3000P) L=23,42.0001.1345,否,
气塞（TT3000P）,气筛3.2(TT3000P) L=23,42.0001.1346,否,
气塞（TTW4000P）,气筛1.6(TT4000P)  L=50,44.0350.1362,否,
气塞（TTW4000P）,气筛2.4(TT4000P)  L=50,44.0350.1363,否,
气塞（TTW4000P）,气筛3.2(TT4000P)  L=50,44.0350.1364,否,
气塞（TTW4000P）,气筛4.0(TT4000P)  L=50,44.0350.1365,否,
大气塞（TTW3000P）,大气筛 1.0(TT3000P) L=40,42.0001.3010,否,
大气塞（TTW3000P）,大气筛1.6(TT3000P) L=40,42.0001.3011,否,
大气塞（TTW3000P）,大气筛2.4(TT3000P) L=40,42.0001.3012,否,
大气塞（TTW3000P）,大气筛3.2(TT3000P) L=40,42.0001.3013,否,
大气塞（TTW4000P）,大气筛 1.0(TT4000P) L=50,42.0001.3027,否,
大气塞（TTW4000P）,大气筛1.6(TT4000P) L=50,42.0001.3028,否,
大气塞（TTW4000P）,大气筛2.4(TT4000P) L=50,42.0001.3029,否,
大气塞（TTW4000P）,大气筛3.2(TT4000P) L=50,42.0001.3030,否,
大气塞（TTW4000P）,大气筛4.0(TT4000P) L=50,42.0001.3031,否,
气塞（TTW4500),标准气筛(TTW4500),44.0350.2443,否,
气塞（TTW4500),大气筛(TTW4500),44.0350.2529,否,
等离子咀（PTW1500）,等离子咀（PTW1500）Φ1.0/24 ,42.0001.3687,否,
等离子咀（PTW1500）,等离子咀（PTW1500）Φ1.5/24 ,42.0001.5713,否,
等离子咀（PTW1500）,等离子咀（PTW1500）Φ2.0/24,42.0001.5714,否,
等离子咀（PTW1500）,等离子咀（PTW1500）Φ2.0/29 ,42.0001.3686,否,
等离子咀（PTW1500）,等离子咀（PTW1500）Φ2.5/24 ,42.0001.5624,否,
等离子咀（PTW1500）,等离子咀（PTW1500）Φ3.0/24,42.0001.5715,否,
瓦咀(TTW3000A),瓦咀φ6.4(TT3000A) L=33,42.0300.0820,否,
瓦咀(TTW3000A),瓦咀φ8.0(TT3000A) L=33,42.0300.0821,否,
瓦咀(TTW3000A),瓦咀φ9.5(TT3000A) L=33,42.0300.0822,否,
瓦咀(TTW3000A),瓦咀φ11(TT3000A) L=33,42.0300.0823,否,
瓦咀(TTW4000A),瓦咀φ8.0(TT4000A) L=44,42.0300.0461,否,
瓦咀(TTW4000A),瓦咀φ9.5(TT4000A) L=44,42.0300.0462,否,
瓦咀(TTW4000A),瓦咀φ11(TT4000A) L=44,42.0300.0463,否,
瓦咀(TTW4000A),瓦咀φ13(TT4000A) L=44,42.0300.0464,否,
瓦咀(TTW4000A),瓦咀φ14(TT4000A) L=44,42.0300.0465,否,
瓦咀(TTW4000A),瓦咀φ16(TT4000A) L=44,42.0300.0466,否,
瓦咀(TTW4000A),瓦咀φ6.4(TT4000A) L=44,42.0300.0672,否,
瓦咀(TTW4000A),加长瓦咀φ6.4(TT4000A) L=63,42.0300.1120,否,
瓦咀(TTW4000A),加长瓦咀φ8.0(TT4000A) L=63,42.0300.1121,否,
瓦咀(TTW4000A),加长瓦咀φ9.5(TT4000A) L=63,42.0300.1122,否,
瓦咀(TTW4000A),加长瓦咀φ11(TT4000A) L=63,42.0300.1123,否,
瓦咀（TT3000P）,瓦咀(TTW3000P) Φ6.5 L=30,42.0300.0105,否,
瓦咀（TT3000P）,瓦咀(TTW3000P) Φ8.0 L=30,42.0300.0106,否,
瓦咀（TT3000P）,瓦咀(TTW3000P) Φ9.5 L=30,42.0300.0107,否,
瓦咀（TT3000P）,瓦咀(TTW3000P) Φ11.2 L=30,42.0300.0108,否,
瓦咀（TT3000P）,瓦咀(TTW3000P) Φ12.7 L=30,42.0300.0109,否,
瓦咀（TT3000P）,瓦咀(TTW3000P) Φ16 L=30,42.0300.0110,否,
瓦咀（TT4000P）,瓦咀（TTW4000P）Φ6.5 L=50,42.0300.2276,否,
瓦咀（TT4000P）,瓦咀（TTW4000P）Φ8   L=50,42.0300.2277,否,
瓦咀（TT4000P）,瓦咀（TTW4000P）Φ9.5  L=50,42.0300.2278,否,
瓦咀（TT4000P）,瓦咀（TTW4000P）Φ11   L=50,42.0300.2279,否,
瓦咀（TT4000P）,瓦咀（TTW4000P）Φ12.5  L=50,42.0300.2280,否,
瓦咀（TT4000P）,瓦咀（TTW4000P）Φ16  L=50,42.0300.2281,否,
瓦咀（TT4000P）,瓦咀（TTW4000P）Φ19.5  L=50,42.0300.2282,否,
瓦咀（TT4000P）,加长瓦咀（TTW4000P）Φ8  L=76,42.0300.2283,否,
瓦咀（TT4000P）,加长瓦咀（TTW4000P）Φ9.5  L=76,42.0300.2284,否,
瓦咀（TT4000P）,加长瓦咀（TTW4000P）Φ11 L=76,42.0300.2285,否,
瓦咀（TT4000P）,加长瓦咀（TTW4000P）Φ12.5 L=76,fronius无对应号,否,
气塞用瓦咀（TT3000P）,标准气筛瓦咀（TT3000P）Φ6.5  L=25.5,42.0300.0982,否,
气塞用瓦咀（TT3000P）,标准气筛瓦咀（TT3000P）Φ8  L=25.5,42.0300.0983,否,
气塞用瓦咀（TT3000P）,标准气筛瓦咀（TT3000P）Φ9.5  L=25.5,42.0300.0984,否,
气塞用瓦咀（TT3000P）,标准气筛瓦咀（TT3000P）Φ11  L=25.5,42.0300.2007,否,
气塞用瓦咀（TT3000P）,标准气筛瓦咀（TT3000P）Φ12.5  L=25.5,42.0300.2008,否,
气塞用瓦咀（TT4000P）,标准气筛瓦咀(TT4000P) Φ6.5 L=42,42.0300.2009,否,
气塞用瓦咀（TT4000P）,标准气筛瓦咀(TT4000P) Φ8 L=42,42.0300.2010,否,
气塞用瓦咀（TT4000P）,标准气筛瓦咀(TT4000P) Φ9.5 L=42,42.0300.2011,否,
气塞用瓦咀（TT4000P）,标准气筛瓦咀(TT4000P) Φ11 L=42,42.0300.2012,否,
气塞用瓦咀（TT4000P）,标准气筛瓦咀(TT4000P) Φ12.5 L=42,42.0300.2013,否,
气塞用瓦咀（TT4000P）,标准气筛瓦咀(TT4000P) Φ19 L=42,42.0300.2304,否,
气塞用瓦咀（TT4000P）,标准气筛加长瓦咀(TT4000P) Φ6.5 L=76,fronius无对应号,否,
气塞用瓦咀（TT4000P）,标准气筛加长瓦咀(TT4000P) Φ8 L=76,42.0300.2273,否,
气塞用瓦咀（TT4000P）,标准气筛加长瓦咀(TT4000P) Φ9.5 L=76,42.0300.2274,否,
气塞用瓦咀（TT4000P）,标准气筛加长瓦咀(TT4000P) Φ11 L=76,42.0300.2275,否,
气塞用瓦咀（TT4000P）,标准气筛加长瓦咀(TT4000P) Φ12.5 L=76,fronius无对应号,否,
大气塞用瓦咀（3000/4000P）,大气筛瓦咀  Φ9.5 L=48 (TT3000P/4000P),42.0300.2247,否,
大气塞用瓦咀（3000/4000P）,大气筛瓦咀  Φ12.5 L=48 (TT3000P/4000P),42.0300.2248,否,
大气塞用瓦咀（3000/4000P）,大气筛瓦咀  Φ16 L=48 (TT3000P/4000P),42.0300.2249,否,
大气塞用瓦咀（3000/4000P）,大气筛瓦咀 Φ19 L=48 (TT3000P/4000P),42.0300.2250,否,
瓦咀(TTW4500/PTW1500 Plasma),瓦咀 φ12(TTW4500),42.0300.2650,否,
瓦咀(TTW4500/PTW1500 Plasma),瓦咀 φ14(TTW4500),42.0300.2754,否,
陶瓷定心石(PTW1500plasma),陶瓷定心石(PTW1500plasma) Φ1.6 D5x20 ,42.0300.2688,否,
陶瓷定心石(PTW1500plasma),陶瓷定心石(PTW1500plasma) Φ2.5 D5x20 ,42.0300.2649,否,
陶瓷定心石(PTW1500plasma),陶瓷定心石(PTW1500plasma) Φ3.2 D5x20 ,42.0300.2689,否,
钢导丝管(手工枪）,钢导丝管(AW5000)0.8/3.5m ,42.0404.0188,否,
钢导丝管(手工枪）,钢导丝管(AW5000) 0.8/4.5m ,42.0404.0189,否,
钢导丝管(手工枪）,钢导丝管(AW5000)1.0/3.5m,42.0404.0244,否,
钢导丝管(手工枪）,钢导丝管(AW5000)1.0/4.5m ,42.0404.0245,否,
钢导丝管(手工枪）,钢导丝管(AW5000)1.2/3.5m,42.0404.0174,否,
钢导丝管(手工枪）,钢导丝管(AW5000)1.2/4.5m ,42.0404.0181,否,
钢导丝管(手工枪）,钢导丝管(AW5000)1.6/3.5m ,42.0404.0184,否,
钢导丝管(手工枪）,钢导丝管(AW5000)1.6/4.5m ,42.0404.0185,否,
钢导丝管(手工枪）,钢导丝管(推－拉丝枪)0.6-1.6/6m ,42.0404.0159,否,
钢导丝管(手工枪）,钢导丝管(推－拉丝枪)0.6-1.6/8m ,42.0404.0160,否,
钢导丝管(手工枪）,钢导丝管(推－拉丝枪)0.6-1.6/10m ,42.0404.0161,否,
不锈钢导丝管(手工枪）,不锈钢导丝管（AW5000）0.8/3.5,42.0404.0414,否,
不锈钢导丝管(手工枪）,不锈钢导丝管（AW5000）0.8/4.5,42.0404.0415,否,
不锈钢导丝管(手工枪）,不锈钢导丝管（AW5000）1.0/3.5,42.0404.0410,否,
不锈钢导丝管(手工枪）,不锈钢导丝管（AW5000）1.0/4.5,42.0404.0411,否,
不锈钢导丝管(手工枪）,不锈钢导丝管（AW5000）1.2/3.5,42.0404.0418,否,
不锈钢导丝管(手工枪）,不锈钢导丝管（AW5000）1.2/4.5,42.0404.0419,否,
不锈钢导丝管(手工枪）,不锈钢导丝管（AW5000）1.6/3.5,42.0404.0422,否,
不锈钢导丝管(手工枪）,不锈钢导丝管（AW5000）1.6/4.5,42.0404.0423,否,
石墨导丝管(手工枪）,石墨导丝管（AW5000）1.0/1.5m ,44.0350.1607,否,
石墨导丝管(手工枪）,石墨导丝管（AW5000）1.0/2.5m ,44.0350.1608,否,
石墨导丝管(手工枪）,石墨导丝管（AW5000）1.0/3.5m ,44.0350.1609,否,
石墨导丝管(手工枪）,石墨导丝管（AW5000）1.0/4.5m ,44.0350.1650,否,
石墨导丝管(手工枪）,石墨导丝管（AW5000）1.2/1.5m ,44.0350.1604,否,
石墨导丝管(手工枪）,石墨导丝管（AW5000）1.2/2.5m ,44.0350.1605,否,
石墨导丝管(手工枪）,石墨导丝管（AW5000）1.2/3.5m ,44.0350.1606,否,
石墨导丝管(手工枪）,石墨导丝管（AW5000）1.2/4.5m ,44.0350.1651,否,
石墨导丝管(手工枪）,石墨导丝管（AW5000）1.6/1.5m ,44.0350.1610,否,
石墨导丝管(手工枪）,石墨导丝管（AW5000）1.6/2.5m ,44.0350.1611,否,
石墨导丝管(手工枪）,石墨导丝管（AW5000）1.6/3.5m ,44.0350.1612,否,
石墨导丝管(手工枪）,石墨导丝管（AW5000）1.6/4.5m ,44.0350.1665,否,
石墨导丝管(手工枪）,石墨导丝管（推－拉丝枪）0.6-1.6/6m ,42.0300.0343,否,
石墨导丝管(手工枪）,石墨导丝管（推－拉丝枪）0.6-1.6/8m ,42.0300.0344,否,
石墨导丝管(手工枪）,石墨导丝管（推－拉丝枪）0.6-1.6/10m ,42.0300.0345,否,
Teflon导丝管(手工枪）,Teflon导丝管 1.0/3.5m,44.0350.2171,否,
Teflon导丝管(手工枪）,Teflon导丝管 1.2/3.5m ,44.0350.0983,否,
Teflon导丝管(手工枪）,Teflon导丝管 1.6/3.5m ,44.0350.1451,否,
Teflon导丝管(手工枪）,Teflon导丝管 2.0-2.4/3.5m ,44.0350.1452,否,
CMT缓冲器内导丝管,缓冲器内导丝管0.8-1.4 ,44.0350.2444,否,
CMT缓冲器内导丝管,缓冲器内导丝管1.6-2.4 ,42.0404.1012,否,
枪头内导丝管,枪头内导丝管 G/B 0.6-1.0 L=0.42m ,44.0350.2397,否,
枪头内导丝管,枪头内导丝管 G/B 1.2 L=0.42m ,44.0350.1788,否,
枪头内导丝管,枪头内导丝管 G/B 2.5x1 L=0.42m ,44.0350.1798,否,
枪头内导丝管,枪头内导丝管 G/B 0.8-1.0 L=0.42m,44.0350.2396,否,
枪头内导丝管,枪头内导丝管 G/B 1.2 L=0.55m,44.0350.1797,否,
枪头内导丝管,枪头内导丝管 G/B 1.6 L=0.55m,44.0350.1807,否,
枪头内导丝管,枪头内导丝管 G 2x1.25 L=0.47m ,44.0350.1806,否,
枪头内导丝管,枪头内导丝管 G 2.5 L=0.47m,44.0350.1838,否,
枪头内导丝管,枪头内导丝管（铜）0.8-1.2/0.32m ,42.0404.0178,否,
枪头内导丝管,枪头内导丝管（teflon） HQ 2.5x1/0.25m,44.0350.2336,否,
枪头内导丝管,枪头内导丝管(laser) LH 0.6-1.0/2m,44.0350.2259,否,
枪头内导丝管,枪头内导丝管 (laser)LH 1.2-1.6/2m,44.0350.2260,否,
钢弹簧管（卷）,钢弹簧管 50m/卷  0.8 ,40.0002.0016,否,
钢弹簧管（卷）,钢弹簧管 50m/卷  1.0 ,40.0002.0021,否,
钢弹簧管（卷）,钢弹簧管 50m/卷  1.2 ,40.0002.0002,否,
钢弹簧管（卷）,钢弹簧管 50m/卷  1.6 ,40.0002.0004,否,
不锈钢弹簧管(卷）,不锈钢弹簧管 50m/卷 0.8 ,40.0002.0031,否,
不锈钢弹簧管(卷）,不锈钢弹簧管 50m/卷 1.0 ,40.0002.0032,否,
不锈钢弹簧管(卷）,不锈钢弹簧管 50m/卷 1.2 ,40.0002.0033,否,
不锈钢弹簧管(卷）,不锈钢弹簧管 50m/卷 1.6 ,40.0002.0034,否,
铜弹簧管(卷),铜制弹簧管50m/卷0.6-1.0 coil length 12 m,40.0002.0029,否,
铜弹簧管(卷),铜制弹簧管50m/卷1.2 coil length 26m,40.0002.0015,否,
铜弹簧管(卷),铜制弹簧管50m/卷1.6 coil length 30m ,40.0002.0017,否,
石墨导丝管（卷）,石墨导丝管 50m/卷 1.2 ,40.0001.0074,否,
石墨导丝管（卷）,石墨导丝管 50m/卷 1.6 ,40.0001.0054,否,
石墨导丝管（卷）,石墨导丝管 50m/卷 2.0-2.4 ,40.0001.0055,否,
Teflon Q导丝管(卷),HQ Teflon导丝管 50m/卷 0.6-1.0 ,40.0001.0414,否,
Teflon Q导丝管(卷),HQ Teflon导丝管 50m/卷 1.2 ,40.0001.0415,否,
Teflon Q导丝管(卷),HQ Teflon导丝管 50m/卷 1.6 ,40.0001.0416,否,
Teflon Q导丝管(卷),HQ Teflon导丝管 50m/卷 2.0-2.4 ,40.0001.0036,否,
Teflon Q导丝管(卷),TEFLON 送丝管（红色）,Binz125.0006,否,
Teflon Q导丝管(卷),TEFLON送丝管（黄色）,BINZ125.0017,否,
送丝内管固定夹,导丝内管固定夹 AD3.7-3.9 ,42.0001.3563,否,
送丝内管固定夹,导丝内管固定夹  AD4.1-4.3 ,42.0001.5833,否,
送丝内管固定夹,导丝内管固定夹 AD4.3-4.6 ,42.0001.5412,否,
送丝内管固定夹,导丝内管锁紧螺母4.9 /SW10x19 ,42.0400.1025,否,
送丝内管固定夹,导丝内管锁紧螺母（配塑料咀）,42.0400.1024,否,
塑料导向咀,塑料导向咀 D0.8 ,42.0100.1120,否,
塑料导向咀,塑料导向咀 D1.0 ,42.0100.1119,否,
塑料导向咀,塑料导向咀 D1.2 ,42.0100.1003,否,
塑料导向咀,塑料导向咀 D1.6 ,42.0100.1008,否,
塑料导向咀,塑料导向咀 D2.0-2.4 ,42.0100.1078,否,
枪尾送丝导向咀,枪尾送丝导向咀（手工焊钢） 0.8,42.0001.0916,否,
枪尾送丝导向咀,枪尾送丝导向咀（手工焊钢） 1.0,42.0001.1743,否,
枪尾送丝导向咀,枪尾送丝导向咀（手工焊钢） 1.2,42.0001.1508,否,
枪尾送丝导向咀,枪尾送丝导向咀（手工焊钢） 1.6,44.0350.0084,否,
枪尾送丝导向咀,枪尾送丝导向咀（手工焊钢） 2.4 ,42.0001.0422,否,
枪尾送丝导向咀,枪尾送丝导向咀（手工焊钢） 2.8 ,42.0001.0637,否,
枪尾送丝导向咀,枪尾送丝导向咀件1.6 (焊铝）,42.0001.0397－1.6,否,
枪尾送丝导向咀,枪尾送丝导向咀0.8-1.2 (焊铝）,42.0001.0397－1.2,否,
外送丝套管(Driver）,RA Driver  E 外送丝套管1.5m ,44.0350.2377,否,
外送丝套管(Driver）,RA Driver  E 外送丝套管1.75m,44.0350.2233,否,
外送丝套管(Driver）,RA Driver  E 外送丝套管2.5m,44.0350.2234,否,
外送丝套管(Driver）,RA Driver  E 外送丝套管3.5m,44.0350.2235,否,
外送丝套管(Driver）,RA Driver  E 外送丝套管4.25m ,44.0350.2236,否,
外送丝套管(Driver）,RA Driver  E 外送丝套管6.25m ,44.0350.2257,否,
外送丝套管(Driver）,RA Driver  E 外送丝套管8.25m,44.0350.2237,否,
外送丝套管(Driver）,RA Driver F++外送丝套管1.5m ,34.0350.2135,否,
外送丝套管(Driver）,RA Driver F++外送丝套管1.75m,44.0350.2376,否,
外送丝套管(Driver）,RA Driver F++外送丝套管2.5m,34.0350.2136,否,
外送丝套管(Driver）,RA Driver F++外送丝套管3.5m,34.0350.2137,否,
外送丝套管(Driver）,RA Driver F++外送丝套管4.25m ,34.0350.2239,否,
外送丝套管(Driver）,RA Driver F++外送丝套管6.25m ,44.0350.2256,否,
外送丝套管(Driver）,RA Driver F++外送丝套管8.25m,34.0350.2138,否,
外送丝套管(CMT）,CMT外送丝套管(马达端)BR1.2m ,44.0350.2370,否,
外送丝套管(CMT）,CMT外送丝套管(马达端) BR 1.6m ,44.0350.2503,否,
外送丝套管(CMT）,CMT外送丝套管(送丝机端)VR 1.72m ,44.0350.2504,否,
外送丝套管(CMT）,CMT外送丝套管(送丝机端) VR2.12m ,44.0350.2371,否,
外送丝套管(CMT）,CMT外送丝套管(送丝机端) VR 3.72m ,44.0350.2505,否,
外送丝套管(CMT）,CMT外送丝套管(送丝机端)VR4.12m ,44.0350.2372,否,
外送丝套管(CMT）,CMT外送丝套管(送丝机端)R 5.72m ,44.0350.2506,否,
外送丝套管(CMT）,CMT外送丝套管(送丝机端)VR 6.12m,44.0350.2374,否,
外送丝套管(CMT）,CMT外送丝套管(整） var.5.32m ,44.0350.2809,否,
外送丝套管(CMT）,CMT外送丝套管(整） var.7.32m ,44.0350.2746,否,
外置送丝管接头,外置送丝管接头（接马达端）,32.0001.5415,否,
外置送丝管接头,外置送丝管接头(接送丝机端）,42.0001.5414,否,
外置送丝管接头,外置送丝管接头（CMT）,42.0001.5569,否,
外置送丝管接头,缓冲器内导丝管套头 1.6-2.4 ,42.0001.5728,否,
外置送丝管接头,缓冲器内导丝管套头 0.8-1.4 ,42.0001.5724,否,
外置送丝管接头,缓冲器导丝管固定夹,42.0001.5788,否,
外置送丝管接头,缓冲器导丝管锁紧螺母,42.0001.5787,否,
铜送丝弯管（TIG/Plasma）,铜送丝弯管（TIG/Plasma）45  L=115mm ,42.0001.5697,否,
铜送丝弯管（TIG/Plasma）,铜送丝弯管（TIG/Plasma）58  L=160mm ,42.0001.5911,否,
铜送丝弯管（TIG/Plasma）,铜送丝弯管（TIG/Plasma）0  L=170mm ,02*42.0001.5494C1,否,
铜送丝弯管（TIG/Plasma）,铜送丝弯管（TIG/Plasma）52  L=132mm ,42.0001.6113,否,
送丝咀（TIG/plasma）,送丝咀（TIG/plasma）Φ0.8 M6x16 ,42.0001.5685,否,
送丝咀（TIG/plasma）,送丝咀（TIG/plasma）Φ1.0 M6x16 ,42.0001.5686,否,
送丝咀（TIG/plasma）,送丝咀（TIG/plasma）Φ1.2 M6x16 ,42.0001.5687,否,
送丝咀（TIG/plasma）,送丝咀（TIG/plasma）Φ1.6 M6x16 ,42.0001.5599,否,
送丝咀（TIG/plasma）,送丝咀（TIG/plasma）Φ2.0 M6x16 ,42.0001.5778,否,
4维调节器,4维调节器,8.045.001,否,
4维调节器（小）,4维调节器（小）,8.045.001-C1,否,
3维调节器（小）,3维送丝调节器（小）,02*44.0350.1992,否,
送丝轮（送丝机内）,T型送丝轮 0.6 T Profi ,44.0001.3403,否,
送丝轮（送丝机内）,T型送丝轮 0.8 T Profi ,44.0001.3405,否,
送丝轮（送丝机内）,T型送丝轮 0.9 T Profi ,44.0001.1365,否,
送丝轮（送丝机内）,T型送丝轮 1.0T Profi ,44.0001.1227,否,
送丝轮（送丝机内）,T型送丝轮 1.2T Profi ,44.0001.1200,否,
送丝轮（送丝机内）,T型送丝轮 1.4T Profi ,44.0001.1353,否,
送丝轮（送丝机内）,T型送丝轮 1.6T Profi ,44.0001.1228,否,
送丝轮（送丝机内）,T型送丝轮 2.0 T Profi ,44.0001.3412,否,
送丝轮（送丝机内）,平压轮Pressure roll ,44.0001.1221,否,
送丝轮（送丝机内）,主轴驱动轮Driver roll D31.5,44.0001.1203,否,
送丝轮（送丝机内）,H型送丝轮 0.8-0.9 H Profi ,44.0001.3404,否,
送丝轮（送丝机内）,H型送丝轮 1.0H Profi ,44.0001.1184,否,
送丝轮（送丝机内）,H型送丝轮 1.2H Profi ,44.0001.1185,否,
送丝轮（送丝机内）,H型送丝轮 1.4H Profi ,44.0001.3407,否,
送丝轮（送丝机内）,H型送丝轮 1.6H Profi ,44.0001.1209,否,
送丝轮（送丝机内）,H型送丝轮 2.0 H Profi ,44.0001.3410,否,
送丝轮（送丝机内）,H型送丝轮 2.4 H Profi ,44.0001.3413,否,
送丝轮（送丝机内）,H型送丝轮 3.2 H Profi ,44.0001.3416,否,
拉丝轮(拉丝枪内）,拉丝压轮D0.8 GL ,42.0403.0141,否,
拉丝轮(拉丝枪内）,拉丝压轮D0.9 GL ,42.0403.0143,否,
拉丝轮(拉丝枪内）,拉丝压轮D1.0 GL ,42.0403.0145,否,
拉丝轮(拉丝枪内）,拉丝压轮D1.2 GL ,42.0403.0147,否,
拉丝轮(拉丝枪内）,拉丝压轮D1.4 GL ,42.0403.0149,否,
拉丝轮(拉丝枪内）,拉丝压轮D1.6 GL ,42.0403.0151,否,
拉丝轮(拉丝枪内）,拉丝主动轮D0.8 slot ,42.0403.0142,否,
拉丝轮(拉丝枪内）,拉丝主动轮D0.9 slot ,42.0403.0144,否,
拉丝轮(拉丝枪内）,拉丝主动轮D1.0 slot ,42.0403.0146,否,
拉丝轮(拉丝枪内）,拉丝主动轮D1.2 slot ,42.0403.0148,否,
拉丝轮(拉丝枪内）,拉丝主动轮D1.4 slot ,42.0403.0150,否,
拉丝轮(拉丝枪内）,拉丝主动轮D1.6 slot ,42.0403.0152,否,
拉丝轮(CMT马达）,拉丝主动轮(CMT)0.8 CMT ,42.0001.5733,否,
拉丝轮(CMT马达）,拉丝主动轮(CMT)0.9 CMT ,42.0001.5774,否,
拉丝轮(CMT马达）,拉丝主动轮(CMT)1.0 CMT ,42.0001.5734,否,
拉丝轮(CMT马达）,拉丝主动轮(CMT)1.2 CMT ,42.0001.5735,否,
拉丝轮(CMT马达）,拉丝主动轮(CMT)1.4 CMT ,42.0001.5775,否,
拉丝轮(CMT马达）,拉丝主动轮(CMT)1.6 CMT ,42.0001.5736,否,
拉丝轮(CMT马达）,拉丝从动轮(CMT) 0.8 CMT ,42.0001.5732,否,
拉丝轮(CMT马达）,拉丝从动轮(CMT) 0.9 CMT ,42.0001.5772,否,
拉丝轮(CMT马达）,拉丝从动轮(CMT) 1.0 CMT ,42.0001.5731,否,
拉丝轮(CMT马达）,拉丝从动轮(CMT) 1.2 CMT ,42.0001.5730,否,
拉丝轮(CMT马达）,拉丝从动轮(CMT) 1.4 CMT ,42.0001.5773,否,
拉丝轮(CMT马达）,拉丝从动轮(CMT) 1.6 CMT ,42.0001.5729,否,
MIG拉丝轮套件,拉丝套件（MIG）0.8 ,44.0350.2005,否,
MIG拉丝轮套件,拉丝套件（MIG）1.0 ,44.0350.2007,否,
MIG拉丝轮套件,拉丝套件（MIG）1.2 ,44.0350.2008,否,
MIG拉丝轮套件,拉丝套件（MIG）1.6 ,44.0350.2009,否,
MIG拉丝轮套件,拉丝套件（MIG）2.0 ,44.0350.2146,否,
TIG拉丝轮套件,拉丝轮套件（TIG） 0.8 ,44.0350.2139,否,
TIG拉丝轮套件,拉丝轮套件（TIG） 1.0 ,44.0350.2141,否,
TIG拉丝轮套件,拉丝轮套件（TIG） 1.2 ,44.0350.2142,否,
TIG拉丝轮套件,拉丝轮套件（TIG） 1.6 ,44.0350.2144,否,
TIG拉丝轮套件,拉丝轮套件（TIG） 2.0 ,44.0350.2145,否,
CMT拉丝轮套件,CMT拉丝轮套件 W/Al 0.8,44.0350.2381,否,
CMT拉丝轮套件,CMT拉丝轮套件 W/Al 1.0 ,44.0350.2382,否,
CMT拉丝轮套件,CMT拉丝轮套件 W/Al 1.2 ,44.0350.2383,否,
CMT拉丝轮套件,CMT拉丝轮套件 W/Al 1.6 ,44.0350.2384,否,
CMT拉丝轮套件,CMT拉丝轮套件 G/W Fe/CuSi 0.8 ,44.0350.2389,否,
CMT拉丝轮套件,CMT拉丝轮套件 G/W Fe/CuSi 0.9 ,44.0350.2401,否,
CMT拉丝轮套件,CMT拉丝轮套件 G/W Fe/CuSi 1 ,44.0350.2390,否,
CMT拉丝轮套件,CMT拉丝轮套件 G/W Fe/CuSi 1.2 ,44.0350.2391,否,
CMT拉丝轮套件,CMT拉丝轮套件 G/W CrNi 0.8 ,44.0350.2385,否,
CMT拉丝轮套件,CMT拉丝轮套件 G/W CrNi 1 ,44.0350.2386,否,
CMT拉丝轮套件,CMT拉丝轮套件 G/W CrNi 1.2 ,44.0350.2387,否,
机器人用盘丝架,ABB机器人用盘丝座,后台询机器人型号订制,否,
机器人用盘丝架,FANUC机器人用盘丝座,后台询机器人型号订制,否,
机器人用盘丝架,KUKA机器人用盘丝座,后台询机器人型号订制,否,
机器人用盘丝架,MOTOMAN机器人用盘丝座,后台询机器人型号订制,否,
机器人用盘丝架,支承盘丝座,4.100.473,否,
盘丝轴及盖,盘丝轴,34.0250.0028,否,
盘丝盖,盘丝盖,42.0300.1746,否,
桶丝管（钢）,桶丝管（钢） 1.2m ,02*44..0350.2378,否,
桶丝管（钢）,桶丝管（钢） 1.6m ,02*44..0350.0948,否,
桶丝管（钢）,桶丝管（钢） 1.8m ,02*44..0350.1790,否,
桶丝管（钢）,桶丝管（钢） 2.2m ,02*44..0350.0273,否,
桶丝管（钢）,桶丝管（钢） 3.5m ,02*44..0350.0274,否,
桶丝管（钢）,桶丝管（钢） 5.5m ,02*44..0350.5001,否,
桶丝管（钢）,桶丝管（钢） 6.35m ,02*44..0350.5003,否,
桶丝管（铝）,桶丝管（铝）1.6m ,44.0350.2000,否,
桶丝管（铝）,桶丝管（铝）2.2m ,44.0350.2611,否,
桶丝管（铝）,桶丝管（铝）3.5m ,44.0350.2393,否,
桶丝管（铝）,桶丝管（铝） 5.5m ,44.0350.2612,否,
无阻力桶丝管(滚轮式）,滚轮式无阻力桶丝管 - 5m,SS-1202.305,否,
无阻力桶丝管(滚轮式）,滚轮式无阻力桶丝管 - 10m,SS-1202.310,否,
无阻力桶丝管(滚轮式）,滚轮式无阻力桶丝管 - 15m,SS-1202.315,否,
无阻力桶丝管(滚轮式）,滚轮式无阻力桶丝管 - 20m,SS-1202.320,否,
无阻力桶丝管(滚轮式）,滚轮式无阻力桶丝管 -30m,SS-1202.330,否,
无阻力桶丝管(滚轮式）,滚轮管送丝机端接头（TPS i）,SS-1202.101-N,否,
无阻力桶丝管(滚轮式）,滚轮管送丝机端接头（TPS）,SS-1202.102-N,否,
桶丝盖及配件,350KG 桶丝盖,LOP020047,否,
桶丝盖及配件,250 KG 桶丝盖,LOP020047-1,否,
桶丝盖及配件,防缠绕旋转导管（桶丝）,SS-1202.202,否,
桶丝盖及配件,桶丝桶快卡件,44.0350.2132,否,
地线,地线 4m/50mm2（带地线夹）,43.0004.0161,否,
地线,地线 4m/ 70mm2（带地线夹）,43.0004.0163,否,
地线,地线  4m/95mm2（带耳鼻）,43.0004.2130-4m,否,
地线,地线 10m/ 95mm2（带耳鼻）,43.0004.2130,否,
地线,地线 15m/95mm2（带耳鼻）,43.0004.2131,否,
地线,地线 20m/95mm2（带耳鼻）,43.0004.2132,否,
地线接头,地线插头(公) 16 - 25 sqmm 200A / 60% (small) ,43.0003.0065,否,
地线接头,地线插头(公) 35 - 50 sqmm 300A / 60% ,43.0003.0066,否,
地线接头,地线插头(公) 50 - 70 sqmm 400A / 60% ,43.0003.0019,否,
地线接头,地线插头(公) 70 - 95 sqmm 500A / 60% ,43.0003.0301,否,
地线接头,地线插头(母) 16 - 25 sqmm 200A / 60% (small) ,43.0003.0062,否,
地线接头,地线插头(母) 35 - 50 sqmm 300A / 60% ,43.0003.0063,否,
地线接头,地线插头(母) 50 - 70 sqmm 400A / 60% ,43.0003.0064,否,
地线接头,地线插头(母) 70 - 95 sqmm 500A / 60% ,43.0003.0385,否,
一分二地线接头,一分二地线接头（公）70-95sqmm ,43.0003.0229,否,
一分二地线接头,一分二地线接头（母） 70-95sqmm ,43.0003.0704,否,
地线夹,地线夹500A at 60%ED 50sqmm,43.0004.0137,否,
地线夹,地线夹600A at 60%ED 70sqmm,43.0004.0138,否,
地线夹,C型地线夹1000A at 60%ED 70-95sqmm ,43.0004.0139,否,
地线夹,磁性地线夹 600 A - 35-95 sqmm ,43.0004.0141,否,
地线夹,冷压端子50mm?,02*41.0009.0013,否,
地线夹,冷压端子70mm?,02*41.0009.0016,否,
地线夹,冷压端子95mm2,02*41.0009.0018,否,
地线实芯电缆,实芯电缆 16sqmm ,40.0003.0029,否,
地线实芯电缆,实芯电缆 25sqmm ,40.0003.0004,否,
地线实芯电缆,实芯电缆 35sqmm ,40.0003.0003,否,
地线实芯电缆,实芯电缆 50sqmm ,40.0003.0014,否,
地线实芯电缆,实芯电缆 70sqmm ,40.0003.0021,否,
地线实芯电缆,实芯电缆 95sqmm ,40.0003.0015,否,
气体流量调节表,气瓶用双表盘氩气表,02*42.0510.0011-D,否,
气体流量调节表,气瓶用浮珠式氩气表,GENT0005,否,
气体流量调节表,气瓶用CO2加热气表（220V）,GENT0011,否,
气体流量调节表,气瓶用双流量氩气表,GENT0022,否,
气体减压调节表,瓶装气体减压调节表,GENT0002,否,
二元气体配比器,二元气体配比器AR-CO2 BM-2M ,43.0009.0038,否,
气流量检测工具,气流量检测工具 25 l/min ,43.0009.0007,否,
气流量检测工具,气流量检测工具(双丝枪)RA Twin ,43.0009.0044,否,
气体拖罩,拖罩TTW4500  L=50mm,44.0350.2536,否,
气体拖罩,拖罩 TTW4500 L=100mm,44.0350.2781,否,
气体拖罩,大拖罩（直）,44.0350.2821,否,
气体拖罩,外弧形拖罩,42.0411.3206,否,
气体拖罩,内弧形拖罩,58.0894.0300,否,
气管接头,气接头(设备端）,44.0450.0281,否,
气管接头,气接头(M16*1.5气表端）,LOP01086-set,否,
水管接头,水管接头G3/8''(送丝机端）,02_42.0001.0942 set,否,
水管接头,水管座G3/8'' (送丝机）,42.0001.6262,否,
水管接头,水管快速接头（公）,42.0001.1506,否,
水管接头,水管快速接头（母）,44.0001.0474,否,
水管接头,水管快速插座G1/8'' （水箱）,44.0001.1145,否,
水管接头,水管座G1/8'' (水箱）,42.0001.3997,否,
PVC气(水)管,PVC气管5X3 （黑色）,40.0001.0012,否,
Teflon气管,Teflon气管8x5,02*40.0001.0355,否,
Teflon气管,Teflon气管(带保护层)8x6,02*40.0001.0355-P,否,
Teflon气管,Teflon气管6x4,02*40.0001.0433,否,
管箍,管箍13.3mm,02*42.0407.0063,否,
管箍,管箍10.5mm,02*42.0407.0063-105,否,
管箍,管箍11.9mm,02*42.0407.0063-119,否,
管箍,管箍12.8mm,02*42.0407.0063-128,否,
管箍,管箍7.0mm,02*42.0407.0245,否,
管箍,管箍 8.7mm,02*42.0407.0272,否,
管箍,管箍9.5mm,02*42.0407.0284,否,
管箍,管箍9.0mm,02*42.0407.0284-90,否,
管箍,管箍53.0mm,02*42.0407.0482,否,
管箍,管箍15.7mm,LOP010008-01,否,
管箍,管箍17.5mm,LOP010008-02,否,
管箍,管箍19.8mm,LOP010008-04,否,
管箍,管箍16.6,02*42.0407.0442,否,
密封圈,密封圈?7.0x2.0,02*42.0300.2595,否,
密封圈,密封圈7x2.0 NBR70,02*42.0402.0053,否,
密封圈,密封圈φ7.0*1.5,02*42.0402.0081,否,
密封圈,密封圈φ5.0*1.5,02*42.0402.0093,否,
密封圈,密封圈φ4.0*1.0,02*42.0402.0094,否,
密封圈,密封圈8x2,02*42.0402.0156,否,
密封圈,密封圈16x2,02*42.0402.0157,否,
密封圈,密封圈φ6.0*1.5,02*42.0402.0170,否,
密封圈,密封圈φ15.0*1.0,02*48.0005.0676,否,
6.8.1电源航空插头,五芯插头 16A,02*43.0003.0051,否,
6.8.1电源航空插头,五芯插座  16A (柜),02*43.0003.0051-S,否,
6.8.1电源航空插头,五芯插座  16A （墙挂）,02*43.0003.0051-Q,否,
6.8.1电源航空插头,五芯插头 32A,02*43.0003.0052,否,
6.8.1电源航空插头,五芯插座  32A(柜),02*43.0003.0052-S,否,
6.8.1电源航空插头,五芯插座  32A（墙挂）,02*43.0003.0052-Q,否,
6.8.1电源航空插头,五芯插头 63A,02*43.0003.0055,否,
6.8.1电源航空插头,五芯插座  63A(柜),02*43.0003.0055-S,否,
6.8.1电源航空插头,五芯插座  63A（墙挂）,02*43.0003.0055-Q,否,
6.8.2送丝机焊枪接口,送丝机焊枪接口F++,44.0001.1277-set,否,
6.8.2送丝机焊枪接口,送丝机焊枪接口F++(PAP),44.0350.2339-set,否,
6.8.2送丝机焊枪接口,送丝机焊枪接口E 欧式,44.0001.1197-set,否,
6.8.3航控插头,4芯航空插头,需重新编号,否,
6.8.3航控插头,4芯航空插座,需重新编号,否,
6.8.3航控插头,4芯航空插座（公.设备端）,需重新编号,否,
6.8.3航控插头,4芯航空插座（母.设备端）,需重新编号,否,
6.8.3航控插头,6芯航空插头,需重新编号,否,
6.8.3航控插头,6芯航空插座,需重新编号,否,
6.8.3航控插头,6芯航空插座（公.设备端）,需重新编号,否,
6.8.3航控插头,6芯航空插座（母.设备端）,需重新编号,否,
6.8.3航控插头,10芯航空插头,需重新编号,否,
6.8.3航控插头,10芯航空插座,需重新编号,否,
6.8.3航控插头,10芯航空插座（公.设备端）,需重新编号,否,
6.8.3航控插头,10芯航空插座（母.设备端）,需重新编号,否,
6.8.3航控插头,14芯航空插头,需重新编号,否,
6.8.3航控插头,14芯航空插座,需重新编号,否,
6.8.3航控插头,14芯航空插座（公.设备端）,需重新编号,否,
6.8.3航控插头,14芯航空插座（母.设备端）,需重新编号,否,
6.8.3航控插头,17芯航空插头,需重新编号,否,
6.8.3航控插头,17芯航空插座,需重新编号,否,
6.8.3航控插头,17芯航空插座（公.设备端）,需重新编号,否,
6.8.3航控插头,17芯航空插座（母.设备端）,需重新编号,否,
6.8.4控制线缆,十芯屏蔽控制线（高柔）,02*40.0003.0078-GR,否,
6.8.4控制线缆,十芯屏蔽控制线,02*40.0003.0078,否,
6.8.4控制线缆,1芯白色屏蔽控制线（200M/卷）,02*40.0003.0078-1Pin,否,
6.8.4控制线缆,二芯屏蔽控制线,02*40.0003.0078-2pin,否,
6.8.4控制线缆,三芯屏蔽控制线,02*40.0003.0078-3Pin,否,
6.8.4控制线缆,六芯屏蔽控制线,02*40.0003.0078-6pin,否,
6.8.4控制线缆,十六芯屏蔽控制线,02*40.0003.0284,否,
6.8.5护套,波纹管 NW29.5  SW ,02*40.0001.0417-L,否,
6.8.5护套,波纹管 NW22.4 black ,02*40.0001.0470,否,
6.8.5护套,波纹管 PA 36x3.15mm Hose 25m black,02*40.0001.0504,否,
6.8.5护套,波纹管  NW29 bk PA hose 50m,02*40.0001.0541,否,
6.8.5护套,编织护套,40.0001.0387,否,
6.8.5护套,编织护套,02*40.0001.0095,是,744508284542
6.8.6波纹管固定夹,波纹管固定支架23,需重新编号,否,
6.8.6波纹管固定夹,波纹管固定支架29,需重新编号,否,
6.8.6波纹管固定夹,波纹管固定支架36,需重新编号,否,
6.8.6波纹管固定夹,波纹管固定支架48,需重新编号,否,
电缆吊钩,电缆吊钩(橡胶）,42.0405.0468,否,
电缆吊钩,电缆吊钩(塑料）,44.0450.1246,否,
电缆吊钩,弹簧平衡吊SB3000  (1.5-3.0kg),SCAM030182,否,
电缆吊钩,弹簧平衡吊5-9KG.,LOP020104,否,
TCP校准,TCP校准尖  RA280,42.0001.2946,否,
TCP校准,TCP校准尖  RA5000,42.0001.2920,否,
枪头专用工具,枪头板手（TWIN Compact）,42.0201.1693,否,
枪头专用工具,枪头板手（RA ）,45.0200.1261,否,
枪头专用工具,导电咀拆卸工具 M6/M8/TIME ,42.0410.0570,否,
枪头专用工具,导电咀拆卸工具M10 ,42.0410.0138,否,
枪头专用工具,导电咀座拆卸工具,44.0350.2434,否,
钨针高度调节具,钨针高度调节工具（plasma）,44.0350.2522,否,
钨针高度调节具,钨针高度调节工具（TIG）,44.0350.2448,否,
焊丝盘芯,焊丝盘芯,44.0550.0060,否,
常用工具,进口斜口钳89-586-23,TS0015,否,
常用工具,尖扁锉刀89-586-24,TS0026,否,
常用工具,开口扳手89-586-25,TS0028,否,
常用工具,开口扳手M13/M15,TS0029,否,
常用工具,开口扳手M17/M19,TS0032,否,
常用工具,组合螺丝刀捷科S102,TS0040,否,
常用工具,螺丝刀T8,T01001,否,
常用工具,螺丝刀T9,T01002,否,
常用工具,螺丝刀T10,T01003,否,
常用工具,螺丝刀T15,T01004,否,
常用工具,螺丝刀T25,T01005,否,
常用工具,卡箍钳,T01007,否,
常用工具,扭力扳手扭力范围5-50Nm,TS0041,否,
常用工具,焊角高度测量工具,44.0450.0047,否,
常用工具,进口大力钳,CT10001,否,
变光面罩,100V 自动变光焊接面罩100V,3M-XH003807829,否,
变光面罩,自动变光焊接面罩AKETEK NOVA,Aketek-001,否,
变光面罩,自动变光焊接铝帽E684,FNS0064?,否,
焊接手套,牛皮手套C10-2000-L,LOP040022,否,
防飞溅剂,水基防飞溅剂,TBI0013,否,
防飞溅剂,焊接防飞溅剂 喷雾瓶装（A型 焊钛用 ）500ML/ 支,LOP040058,否,
防飞溅剂,防飞溅膏,BINZ192.0058,否,
手工焊台,FWT 1500x750mm手工焊台,02*8.045.621,否,
TPSI主电源,TPS 320i /nc no Welding Package included,4.075.230.800,是,740137203849
TPSI主电源,TPS 400i /nc no Welding Package included,4.075.231.800,是,740137203849
TPSI主电源,TPS 400i LSC Advanced nc,4.075.175.800,否,
TPSI主电源,TPS 500i /nc no Welding Package included,4.075.232.800,是,740137203849
TPSI主电源,TPS 600i /nc no Welding Package included,4.075.233.800,是,740137203849
TPSI工艺程序,Welding Package Standard    直流工艺程序包,4.066.012,是,787252986455
TPSI工艺程序,Welding Package Pulse       脉冲工艺程序包,4.066.013,是,787252986455
TPSI工艺程序,Welding Package LSC         低飞溅工艺程序包,4.066.014,是,787252986455
TPSI工艺程序,Welding Package PMC         高性能脉冲工艺程序包,4.066.015,是,787252986455
TPSI工艺程序,Welding Package CMT         CMT工艺程序包,4.066.016,是,787252986455
TPSI工艺程序,DB/i Steel Edition          碳钢版本程序,4.069.050,是,787252986455
TPSI工艺程序,DB/i CRRC Edition           中车特别版程序,4.069.004 ,是,787252986455
TPSI工艺程序,OPT/i CMT Cycle Step        CMT断续焊工艺,4.067.012,是,787252986455
TPSI工艺程序,OPT/i WireSense             焊丝传感,4.067.020,是,787252986455
TPSI电源线,Mains cable 4G4mm? 5m E5 32A H07RN-F  电源线,02*43.0004.0987,否,
TPSI电源线,Mains cable 4G4mm? 10m E5 32A H07RN-F  电源线,02*43.0004.0987-10m,否,
TPSI电源线,Mains cable 4G4mm? 15m E5 32A H07RN-F  电源线,02*43.0004.0987-15m,否,
TPSI电源线,Mains cable 4G4mm? 20m E5 32A H07RN-F  电源线,02*43.0004.0987-20m,否,
TPSI电源线,Mains cable 4G4mm? 25m E5 32A H07RN-F  电源线,02*43.0004.0987-25m,否,
TPSI送丝轮,Feeder roll U 0.6,44.0001.1428,是,798968926206
TPSI送丝轮,Feeder roll U 0.8,44.0001.1405,是,798968926206
TPSI送丝轮,Feeder roll U 0.9-1.0,44.0001.1406,是,798968926206
TPSI送丝轮,Feeder roll U 1.2  ,44.0001.1407,是,798968926206
TPSI送丝轮,Feeder roll U 1.4-1.6,44.0001.1408,是,798968926206
TPSI送丝轮,Feeder roll U 2.0,44.0001.1502,是,798968926206
TPSI送丝轮,Feeder roll U 2.4,44.0001.1503,是,798968926206
TPSI送丝轮,Feeder roll U 2.8,44.0001.1504,是,798968926206
TPSI送丝轮,Feeder roll 1.2 R,44.0001.1431,是,798968926206
TPSI送丝轮,Feeder roll 1.4 R,44.0001.1432,是,798968926206
TPSI送丝轮,Feeder roll 1.6 R,44.0001.1433,是,798968926206
TPSI送丝轮,Feeder roll 2.0 R,44.0001.1423,是,798968926206
TPSI送丝轮,Feeder roll 2.4 R,44.0001.1424,是,798968926206
TPSI送丝轮,Feeder roll R 2.8,44.0001.1425,是,798968926206
TPSI送丝轮,Feeder roll R 3.2,44.0001.1426,是,798968926206
TPSI送丝机,WF 25i /4R/G/FSC ,4.049.031,否,
TPSI送丝机,WF 30i /4R/W/FSC ,4.049.032,否,
TPSI送丝机,WF 15i R /4R/W/FSC ,4.049.033,否,
TPSI送丝机,WF 25i R /4R/G/W/FSC ,4.049.035,否,
TPSI送丝机,WF 25i R /PAP/4R/G/W/FSC ,4.049.036,否,
TPSI送丝机前面板,OPT/i WF operate panel standard /CK,4.101.005.CK,否,
TPSI送丝机前面板,OPT/i WF control panel POT /CK,4.100.872.CK,否,
TPSI送丝机附件,OPT/i WF display cover /CK,4.100.773.CK,否,
TPSI送丝机附件,OPT/i SB gas test & wire threading,02*4.100.775.CK,否,
TPSI送丝机附件,C-kit water cooling,02*4.100.605.U,否,
TPSI送丝机附件,OPT/i WF PushPull /CK ,4.100.829.CK,否,
TPSI送丝机附件,OPT/i TPS 320i C PushPull /CK ,4.100.803.CK,否,
TPSI送丝机附件,Human 5000,02*4.077.007,否,
TPSI送丝机附件,I-Kit Human DP PM-CMT 4m,02*4.100.528,否,
水箱,CU 1100i  水箱,4.048.016,否,
水箱,CU 1400i Pro/MC,4.048.017.633,否,
水箱,CU 2000i Pro/MC,4.048.009.633,否,
水箱配件,OPT/i TPS 2nd NT241 CU 1400i /IK  NT241板,4.100.808.IK,否,
水箱配件,OPT/i TPS 2nd NT241 CU 1400i /CK,4.100.808.CK,否,
水箱配件,I-kit water connection in the front FK 5000 (necessary for C-version),02*4.100.718,否,
水箱配件,OPT/i CU levelsensor /IK  水位感应,4.100.778.IK,否,
水箱配件,OPT/i CU levelsensor /CK  水位感应,4.100.778.CK,否,
水箱配件,OPT/i CU Flow-Thermo-Sensor / IK  水流-热敏传感器,4.100.777.IK,否,
水箱配件,OPT/i CU Flow-Thermo-Sensor /CK  水流-热敏传感器,4.100.777.CK,否,
水箱配件,OPT/i CU 2000 /CK ,4.100.988.CK,否,
水箱配件,I-kit cooling filter FK 5000 过滤器,4.100.612,否,
水箱配件,C-Set cooling filter FK 5000  过滤器,4.100.612.U,否,
水箱配件,Cooling liquid FCL10 5L (up to -10° outside temperature)  冷却液,40.0009.0180,否,
水箱配件,Cooling liquid FCL10 30L (up to -10° outside temperature)  冷却液,40.0009.0181,否,
水箱配件,Cooling liquid FCL20 5L (up to -20° outside temperature)  冷却液,40.0009.0182,否,
水箱配件,Cooling liquid FCL20 30L (up to -20° outside temperature)  冷却液,40.0009.0183,否,
TPSI中继线,HP 70i CON W/1.2m（标配）,02*4.047.845,是,779591297062
TPSI中继线,HP 70i CON /W/5m,02*4.047.847,是,779591297062
TPSI中继线,HP 70i CON W/10m,02*4.047.849,是,779591297062
TPSI中继线,HP 95i CON W/10m,02*4.047.850,是,779591297062
TPSI中继线,HP 70i CON W/15m,02*4.047.851,是,779591297062
TPSI中继线,HP 95i CON /W/15m,02*4.047.852,是,779591297062
TPSI中继线,HP 70i CON W/20m,02*4.047.853,是,779591297062
TPSI中继线,HP 95i CON W/20m,02*4.047.854,是,779591297062
焊机小车,Carriage PickUp  小车,02*4.077.002,是,739771428920
焊机小车,OPT/TU turning pintle mounting WF15i-30i / VR5000 小车横梁,02*4.100.613,是,803079972348
焊机小车,Carriage Trabant WF25i/WF30i送丝机小车,02*4.077.004,否,
气冷焊枪,MTG 250i /FSC/3.5m/45 ,4.035.921,是,794696983139
气冷焊枪,MTG 250i /FSC/4.5m/45 ,4.035.924,是,794696983139
气冷焊枪,MTG 250i /FSC/UD/3.5m/45 /LED ,4.035.922,是,794696983139
气冷焊枪,MTG 250i /FSC/UD/4.5m/45 /LED ,4.035.925,是,794696983139
气冷焊枪,MTG 250i /FSC/JM/3.5m/45 /LED ,4.035.923,是,794696983139
气冷焊枪,MTG 250i /FSC/JM/4.5m/45 /LED ,4.035.926,是,794696983139
气冷焊枪,MTG 320i /FSC/3.5m/45 ,4.035.927,是,794869809248
气冷焊枪,MTG 320i /FSC/4.5m/45 ,4.035.930,是,794869809248
气冷焊枪,MTG 320i /FSC/UD/3.5m/45 /LED ,4.035.928,是,794869809248
气冷焊枪,MTG 320i /FSC/UD/4.5m/45 /LED ,4.035.931,是,794869809248
气冷焊枪,MTG 320i /FSC/JM/3.5m/45 /LED ,4.035.929,是,794869809248
气冷焊枪,MTG 320i /FSC/JM/4.5m/45 /LED ,4.035.932,是,794869809248
气冷焊枪,MTG 400i /FSC/3.5m/45 /LED ,4.035.933,是,794893349916
气冷焊枪,MTG 400i /FSC/4.5m/45 /LED ,4.035.936,是,794893349916
气冷焊枪,MTG 400i /FSC/UD/3.5m/45 /LED ,4.035.934,是,794893349916
气冷焊枪,MTG 400i /FSC/UD/4.5m/45 /LED ,4.035.937,是,794893349916
气冷焊枪,MTG 400i /FSC/JM/3.5m/45 /LED ,4.035.935,是,794893349916
气冷焊枪,MTG 400i /FSC/JM/4.5m/45 /LED ,4.035.938,是,794893349916
气冷焊枪,MTG 550i /FSC/3.5m/60 ,4.035.939,是,794726531359
气冷焊枪,MTG 550i /FSC/UD/3.5m/60 /LED ,4.035.940,是,794726531359
气冷焊枪,MTG 550i /FSC/4.5m/60 ,4.035.942,是,794726531359
气冷焊枪,MTG 550i /FSC/UD/4.5m/60 /LED ,4.035.943,是,794726531359
水冷焊枪,MTW 400i /FSC/3.5m/45 /LED,4.035.951,是,784371757773
水冷焊枪,MTW 400i /FSC/4.5m/45 /LED ,4.035.954,是,784371757773
水冷焊枪,MTW 400i /FSC/UD/3.5m/45 /LED ,4.035.952,是,784371757773
水冷焊枪,MTW 400i /FSC/UD/4.5m/45 /LED ,4.035.955,是,784371757773
水冷焊枪,MTW 400i /FSC/JM/3.5m/45 /LED ,4.035.953,是,784371757773
水冷焊枪,MTW 400i /FSC/JM/4.5m/45 /LED ,4.035.956,是,784371757773
水冷焊枪,MTW 500i /FSC/3.5m/45 /LED ,4.035.957,是,784738526923
水冷焊枪,MTW 500i /FSC/4.5m/45 /LED ,4.035.960,是,784738526923
水冷焊枪,MTW 500i /FSC/UD/3.5m/45 /LED ,4.035.958,是,784738526923
水冷焊枪,MTW 500i /FSC/UD/4.5m/45 /LED ,4.035.961,是,784738526923
水冷焊枪,MTW 500i /FSC/JM/3.5m/45 /LED,4.035.959,是,784738526923
水冷焊枪,MTW 500i /FSC/JM/4.5m/45 /LED ,4.035.962,是,784738526923
水冷焊枪,MTW 700i /FSC/3.5m/45 /LED ,4.035.963,是,784797160762
水冷焊枪,MTW 700i /FSC/4.5m/45 /LED ,4.035.966,是,784797160762
水冷焊枪,MTW 700i /FSC/UD/3.5m/45 /LED ,4.035.964,是,784797160762
水冷焊枪,MTW 700i /FSC/UD/4.5m/45 /LED ,4.035.967,是,784797160762
水冷焊枪,MTW 700i /FSC/JM/3.5m/45 /LED ,4.035.965,是,784797160762
水冷焊枪,MTW 700i /FSC/JM/4.5m/45 /LED ,4.035.968,是,784797160762
碳钢送丝组件,BK Fe D0.8 /G/W/5m ,44.0350.5117,否,
碳钢送丝组件,BK Fe D0.9 /G/W/5m ,44.0350.5118,否,
碳钢送丝组件,BK Fe 1.0 /G/W/5m,02*44.0350.5119,否,
碳钢送丝组件,BK Fe ?1.2 G/W/5m MTG/MTW Fe,02*44.0350.5120,否,
碳钢送丝组件,BK Fe D1.4 /G/W/5m ,44.0350.5121,否,
碳钢送丝组件,BK Fe D1.6 /G/W/5m ,44.0350.5122,否,
不锈钢送丝组件,BK CrNi D0.8 /G/W/5m ,44.0350.5158,否,
不锈钢送丝组件,BK CrNi D0.9 /G/W/5m ,44.0350.5159,否,
不锈钢送丝组件,BK CrNi 1.0 /G/W/5m,02*44.0350.5160,否,
不锈钢送丝组件,BK CrNi D1.2 /G/W/5m ,44.0350.5161,否,
不锈钢送丝组件,BK CrNi D1.4 /G/W/5m ,44.0350.5162,否,
不锈钢送丝组件,BK CrNi D1.6 /G/W/5m ,44.0350.5163,否,
气冷焊铝 & CUSI4钎焊,BK Al D0.8 /G CuSi D0.8 G/W/5m ,44.0350.5144,否,
气冷焊铝 & CUSI5钎焊,BK Al D0.9 /G CuSi D0.9 G/W/5m ,44.0350.5145,否,
气冷焊铝 & CUSI6钎焊,BK Al D1.0 /G CuSi D1.0 G/W/5m ,44.0350.5146,否,
气冷焊铝 & CUSI7钎焊,BK Al ?1.2 /G CuSi ?1.2 G/W/5m,02*44.0350.5147,否,
气冷焊铝 & CUSI8钎焊,BK Al D1.4 /G CuSi D1.4 G/W/5m ,44.0350.5148,否,
气冷焊铝 & CUSI9钎焊,BK Al D1.6 /G CuSi D1.6 G/W/5m ,44.0350.5149,否,
水冷焊铝送丝组件,BK Al D0.8 /W/5m ,44.0350.5135,否,
水冷焊铝送丝组件,BK Al D0.9 /W/5m ,44.0350.5136,否,
水冷焊铝送丝组件,BK Al ?1.0 /W/5m,02*44.0350.5137,否,
水冷焊铝送丝组件,BK Al ?1.2 W/5m MTW,02*44.0350.5138,否,
水冷焊铝送丝组件,BK Al D1.4 /W/5m ,44.0350.5139,否,
水冷焊铝送丝组件,BK Al D1.6 /W/5m ,02*44.0350.5140,否,
水冷焊铝送丝组件,BK Al D2.0 /W/5m ,44.0350.5141,否,
MULTILOCK 可拆换枪颈型号MTB 气冷 ,MTB 250i G ML/15 /L183/H22 ,44.0350.3147,否,
MULTILOCK 可拆换枪颈型号MTB 气冷 ,MTB 250i G ML/30 /L174/H47 ,44.0350.3148,否,
MULTILOCK 可拆换枪颈型号MTB 气冷 ,MTB 250i G ML/45 /L158/H73 ,44.0350.3149,否,
MULTILOCK 可拆换枪颈型号MTB 气冷 ,MTB 320i G ML/15 /L190/H22 ,44.0350.3151,否,
MULTILOCK 可拆换枪颈型号MTB 气冷 ,MTB 320i G ML/30 /L181/H48 ,44.0350.3152,否,
MULTILOCK 可拆换枪颈型号MTB 气冷 ,MTB 320i G ML/45 /L165/H75 ,44.0350.3153,否,
MULTILOCK 可拆换枪颈型号MTB 气冷 ,MTB 400i G ML/15 /L227/H27 ,44.0350.3155,否,
MULTILOCK 可拆换枪颈型号MTB 气冷 ,MTB 400i G ML/30 /L216/H57 ,44.0350.3156,否,
MULTILOCK 可拆换枪颈型号MTB 气冷 ,MTB 400i G ML/45 /L197/H88 ,44.0350.3157,否,
MULTILOCK 可拆换枪颈型号MTB 气冷 ,MTB 200i G ML/L268/flex ,44.0350.3786,否,
MULTILOCK 可拆换枪颈型号MTB 气冷 ,MTB 360i G ML/309/flex ,44.0350.3785,否,
MULTILOCK 可拆换枪颈型号MTB 气冷 ,MTB 3600S G ML/55 /L190/SSFCW ,44.0350.3820,否,
MULTILOCK 可拆换枪颈型号MTB 气冷 ,MTB 3600S G ML/55 L278/SSFCW ,44.0350.3821,否,
MULTILOCK 可拆换枪颈型号MTB 水冷 ,MTB 250i W ML /15 /L175/H22 ,44.0350.3163,否,
MULTILOCK 可拆换枪颈型号MTB 水冷 ,MTB 250i W ML /30 /L166/H47 ,44.0350.3164,否,
MULTILOCK 可拆换枪颈型号MTB 水冷 ,MTB 250i W ML /45 /L151/H72 ,44.0350.3165,否,
MULTILOCK 可拆换枪颈型号MTB 水冷 ,MTB 400i W ML/15 /L194/H23 ,44.0350.3167,否,
MULTILOCK 可拆换枪颈型号MTB 水冷 ,MTB 400i W ML/30 /L185/H49 ,44.0350.3168,否,
MULTILOCK 可拆换枪颈型号MTB 水冷 ,MTB 400i W ML/45 /L168/H77 ,44.0350.3169,否,
MULTILOCK 可拆换枪颈型号MTB 水冷 ,MTB 500i W ML/15 /L209/H27 ,44.0350.3171,否,
MULTILOCK 可拆换枪颈型号MTB 水冷 ,MTB 500i W ML/30 /L199/H56 ,44.0350.3172,否,
MULTILOCK 可拆换枪颈型号MTB 水冷 ,MTB 500i W ML/45 /L180/H87 ,44.0350.3173,否,
MULTILOCK 可拆换枪颈型号MTB 水冷 ,MTB 700i W ML/15 /L220/H26 ,44.0350.3175,否,
MULTILOCK 可拆换枪颈型号MTB 水冷 ,MTB 700i W ML/30 /L209/H55 ,44.0350.3176,否,
MULTILOCK 可拆换枪颈型号MTB 水冷 ,MTB 700i W ML/45 /L191/H85 ,44.0350.3177,否,
MULTILOCK 可拆换枪颈型号MTB 水冷 ,MTB 330i W ML/L272/flex ,44.0350.3799,否,
MULTILOCK 可拆换枪颈型号MTB 水冷 ,MTB 400i W ML/L291/flex ,44.0350.3800,否,
气冷枪配件盒,Wear part kit MTG250i D0.8 ,44.0350.5151,否,
气冷枪配件盒,Wear part kit MTG250i D0.9 ,44.0350.5152,否,
气冷枪配件盒,Wear part kit MTG250i D1.0 ,44.0350.5153,否,
气冷枪配件盒,Wear part kit MTG250i D1.2 ,44.0350.5154,否,
气冷枪配件盒,Wear part kit MTG250i D1.4 ,44.0350.5155,否,
气冷枪配件盒,Wear part kit MTG250i D1.6 ,44.0350.5156,否,
气冷枪配件盒,Wear part kit MTG320i D0.8 ,44.0350.5185,否,
气冷枪配件盒,Wear part kit MTG320i D0.9 ,44.0350.5186,否,
气冷枪配件盒,Wear part kit MTG320i D1.0 ,44.0350.5187,否,
气冷枪配件盒,Wear part kit MTG 320i ?1.2,02*44.0350.5188,否,
气冷枪配件盒,Wear part kit MTG320i D1.4 ,44.0350.5189,否,
气冷枪配件盒,Wear part kit MTG320i D1.6 ,44.0350.5190,否,
气冷枪配件盒,Wear part kit MTG400i D0.8 ,44.0350.5167,否,
气冷枪配件盒,Wear part kit MTG400i D0.9 ,44.0350.5168,否,
气冷枪配件盒,Wear part kit MTG400i ?1.0,02*44.0350.5169,否,
气冷枪配件盒,Wear part kit MTG400i ?1.2,02*44.0350.5170,否,
气冷枪配件盒,Wear part kit MTG400i D1.4 ,44.0350.5171,否,
气冷枪配件盒,Wear part kit MTG400i ?1.6,02*44.0350.5172,否,
水冷枪配件盒,Wear part kit MTW250i D0.8 ,44.0350.5191,否,
水冷枪配件盒,Wear part kit MTW250i D0.9 ,44.0350.5192,否,
水冷枪配件盒,Wear part kit MTW250i D1.0 ,44.0350.5193,否,
水冷枪配件盒,Wear part kit MTW250i D1.2 ,44.0350.5194,否,
水冷枪配件盒,Wear part kit MTW400i D0.8 ,44.0350.5179,否,
水冷枪配件盒,Wear part kit MTW400i D0.9 ,44.0350.5180,否,
水冷枪配件盒,Wear part kit MTW400i ?1.0,02*44.0350.5181,否,
水冷枪配件盒,Wear part kit MTW400i ?1.2,02*44.0350.5182,否,
水冷枪配件盒,Wear part kit MTW400i D1.4 ,44.0350.5183,否,
水冷枪配件盒,Wear part kit MTW400i D1.6,02*44.0350.5184,否,
水冷枪配件盒,Wear part kit MTW500i ?0.8,02*44.0350.5173,否,
水冷枪配件盒,Wear part kit MTW500i D0.9,44.0350.5174,否,
水冷枪配件盒,Wear part kit MTW500i ?1.0,02*44.0350.5175,否,
水冷枪配件盒,Wear parts kit MTW500i ?1.2,02*44.0350.5176,否,
水冷枪配件盒,Wear part kit MTW500i D1.4 ,44.0350.5177,否,
水冷枪配件盒,Wear part kit MTW500i ?1.6,02*44.0350.5178,否,
水冷枪配件盒,Wear part kit MTW700i D1.0 ,44.0350.5199,否,
水冷枪配件盒,Wear part kit MTW700i D1.2 ,44.0350.5200,否,
水冷枪配件盒,Wear part kit MTW700i D1.4 ,44.0350.5201,否,
水冷枪配件盒,Wear part kit MTW700i D1.6 ,44.0350.5202,否,
钢送丝管,Bare steel inner liner 0.8 / 5m ID1.4x1.5mm,40.0002.0040.005,否,
钢送丝管,Bare steel inner liner 0.8 / 50m ID1.4x1.5mm,40.0002.0040.050,否,
钢送丝管,Bare steel inner liner 1.0 / 5m ID1.6x1.6mm,40.0002.0041.005,否,
钢送丝管,Bare steel inner liner 1.0 / 50m ID1.6x1.6mm,40.0002.0041.050,否,
钢送丝管,Bare steel inner liner 1.2 / 5m ID1.9x1.5mm,40.0002.0042.005,否,
钢送丝管,Bare steel inner liner 1.2 / 50m ID1.9x1.5mm,40.0002.0042.050,否,
钢送丝管,Bare steel inner liner 1.6 / 5m ID2.5x1.2mm,40.0002.0043.005,否,
钢送丝管,Bare steel inner liner 1.6 / 50m ID2.5x1.2mm,40.0002.0043.050,否,
不锈钢送丝管,CrNi-bare inner liner 0.8 / 5m ID1.4x1.5mm,40.0002.0044.005,否,
不锈钢送丝管,CrNi-bare inner liner 0.8 / 50m ID1.4x1.5mm,40.0002.0044.050,否,
不锈钢送丝管,CrNi-bare inner liner 1.0 / 5m ID1.6x1.6mm,40.0002.0045.005,否,
不锈钢送丝管,CrNi-bare inner liner 1.0 / 50m ID1.6x1.6mm,40.0002.0045.050,否,
不锈钢送丝管,CrNi-bare inner liner 1.2 / 5m ID1.9x1.5mm,40.0002.0046.005,否,
不锈钢送丝管,CrNi-bare inner liner 1.2 / 50m ID1.9x1.5mm,40.0002.0046.050,否,
不锈钢送丝管,CrNi-bare inner liner 1.6 / 5m ID2.5x1.2mm,40.0002.0047.005,否,
不锈钢送丝管,CrNi-bare inner liner 1.6 / 50m ID2.5x1.2mm,40.0002.0047.050,否,
水冷铝送丝管,Combi inner liner W Al / 0.8 / 3.8m ID1.2 / AD4.7,44.0350.3392,否,
水冷铝送丝管,Combi inner liner W Al / 0.8 / 4.8m ID1.2 / AD4.7,44.0350.3396,否,
水冷铝送丝管,Combi inner liner W Al / 1.0 / 3.8m ID1.5 / AD4.7,44.0350.3393,否,
水冷铝送丝管,Combi inner liner W Al / 1.0 / 4.8m ID1.5 / AD4.7,44.0350.3397,否,
水冷铝送丝管,Combi liner W Al /1.2/3.8m,02*44.0350.3394,否,
水冷铝送丝管,Combi inner liner W Al / 1.2 / 4.8m ID1.8 / AD4.7,44.0350.3398,否,
水冷铝送丝管,Combi inner liner W Al / 1.6 / 3.8m ID2.4 / AD4.7,44.0350.3395,否,
水冷铝送丝管,Combi inner liner W Al / 1.6 / 4.8m ID2.4 / AD4.7,44.0350.3399,否,
水冷铝送丝管,Combi inner liner W Al / 2.0 / 3.8m ID3.0 / AD4.7,44.0350.3616,否,
水冷铝送丝管,Combi inner liner W Al / 2.0 / 4.8m ID3.0 / AD4.7,44.0350.3617,否,
气冷铝送丝管,Combi inner liner G Al / 0.8 / 3.8m CuSi G / W  / ID1.2 / AD4.7,44.0350.3404,否,
气冷铝送丝管,Combi inner liner G Al / 0.8 / 4.8m CuSi G / W  / ID1.2 / AD4.7,44.0350.3408,否,
气冷铝送丝管,Combi inner liner G Al / 1.0 / 3.8m CuSi G / W  / ID1.5 / AD4.7,44.0350.3405,否,
气冷铝送丝管,Combi inner liner G Al / 1.0 / 4.8m CuSi G / W  / ID1.5 / AD4.7,44.0350.3409,否,
气冷铝送丝管,Combi liner G Al 1.2/3.8m,02*44.0350.3406,否,
气冷铝送丝管,Combi inner liner G Al/1.2/4.8m CuSi G/W/ID1.8/AD4.7,02*44.0350.3410,否,
气冷铝送丝管,Combi liner G Al /1.6/3.8m,02*44.0350.3407,否,
气冷铝送丝管,Combi inner liner G Al / 1.6 / 4.8m CuSi G / W  / ID2.4 / AD4.7,44.0350.3411,否,
送丝管固定夹,Clamping piece 0.8 Al / CuSi ,44.0350.3314.5,否,
送丝管固定夹,Clamping piece 0.8 Fe / CrNi ,44.0350.3315.5,否,
送丝管固定夹,Clamping piece 0.9 / 1.0 ,44.0350.3317.5,否,
送丝管固定夹,Clamping piece 1.2 ,44.0350.3318.5,否,
送丝管固定夹,Clamping piece 1.4 / 1.6 ,44.0350.3320.5,否,
送丝管固定夹,Clamping piece 2.0 Al ,44.0350.3321.5,否,
送丝管固定夹,Clamping piece 2.4 ,44.0350.3322.5,否,
送丝管固定夹,Clamping piece 2.8 SSFCW ,42.0001.4589.5,否,
气冷焊枪导电咀座,Nozzle stock M6 / SW9x31（MTB 250i G R）,42.0001.3988,否,
气冷焊枪导电咀座,Nozzle stock M8x1.5 / SW11x32.5（MTB 320i G R）,42.0001.3987,否,
气冷焊枪导电咀座,Nozzle stock M8x1.5 / SW11x44.5（MTB 400i G R）,42.0001.3975,否,
水冷焊枪导电咀座,Nozzle stock M6 / SW10x28.5（MTB 250i W R）,42.0001.3999,否,
水冷焊枪导电咀座,Nozzle stock M6 / SW10x20（MTB 330i W R）,42.0001.4479,否,
水冷焊枪导电咀座,Nozzle stock M8x1.5 / SW13x26.5（MTB 400i/500i W R）,42.0001.4037,否,
分流器,Spatter guard D9.2 / D17.2x17 ,42.0100.0552.5,否,
分流器,Spatter guard D8.3 / D18x12.5 5 ,42.0100.0583.5,否,
分流器,Spatter guard D11.2/D20.2x22 ,42.0100.0575.5,否,
分流器,Spatter guard D10 / D20.8x24mm ,42.0405.0854.5,否,
分流器,Spatter guard D9.2 / D17.2x17 HD ,42.0100.0531.5,否,
分流器,Spatter guard D11.2 / D20.2x22 HD Ceramic,42.0100.0532.5,否,
分流器,Spatter guard D8.4 / D17.8x13 HD ,42.0100.0576.5,否,
喷嘴MTB250iGR /MTB 250iWR,Gas nozzle cylindrical D18 / D22x58 CT M20x2 ,42.0001.4055.5,否,
喷嘴MTB250iGR /MTB 251iWR,Gas nozzle D13 / D22x56 CT M20x2 ,42.0001.4477.5,否,
喷嘴MTB250iGR /MTB 252iWR,Gas nozzle D13 / D22x58 CT M20x2 ,42.0001.4065.5,否,
喷嘴MTB250iGR /MTB 253iWR,Gas nozzle D10 / D22x58 CT M20x2 ,42.0001.4084.5,否,
喷嘴MTB250iGR /MTB 254iWR,Gas nozzle D10 / D22x54 CT M20x2 ,42.0001.4083.5,否,
喷嘴MTB250iGR /MTB 255iWR,Gas nozzle D15 / D22x58 CT M20x2 ,42.0001.4493.5,否,
喷嘴MTB250iGR /MTB 256iWR,Gas nozzle D13 / D22x56 CT/C M20x2 ,42.0001.4498.5,否,
喷嘴MTB 330i W R,Gas nozzle D13 / D25x41 CT M23x2,42.0001.4487.5,否,
喷嘴MTB 331i W R,Gas nozzle D13 / D25x37 CT M23x2,42.0001.4533.5,否,
喷嘴MTB 332i W R,Gas nozzle D13 / D25x39.5 CT/C M23x2,42.0001.4534.5,否,
喷嘴MTB 333i W R,Gas nozzle D13 / D25x41 CT/H M23x2 ,42.0001.4486.5,否,
喷嘴MTB 334i W R,Gas nozzle narrow D13 / D25x56 CT M23x2,42.0001.4745.5,否,
喷嘴MTG 320i/MTW 320i/MTW 500i,Gas nozzle cylindrical D21.1 / D25x63 CT M23x2,42.0001.4054.5,否,
喷嘴MTG 320i/MTW 320i/MTW 501i,Gas nozzle D17 / D25x61 CT M23x2 ,42.0001.4476.5,否,
喷嘴MTG 320i/MTW 320i/MTW 502i,Gas nozzle D17 / D25x63 CT M23x2,42.0001.4050.5,否,
喷嘴MTG 320i/MTW 320i/MTW 503i,Gas nozzle D17 / D27x63 CT HD heavy duty ,42.0001.4216.5,否,
喷嘴MTG 320i/MTW 320i/MTW 504i,Gas nozzle D17 / D25x68 CT M23x2 ,42.0001.4049.5,否,
喷嘴MTG 320i/MTW 320i/MTW 505i,Gas nozzle D17 / D25x61 CT/C M23x2,42.0001.4494.5,否,
喷嘴MTG 320i/MTW 320i/MTW 506i,Gas nozzle D15 / D25x59 CT M23x2 ,42.0001.4048.5,否,
喷嘴MTG 320i/MTW 320i/MTW 507i,Gas nozzle D15 / D25x61 CT M23x2 ,42.0001.4474.5,否,
喷嘴MTG 320i/MTW 320i/MTW 508i,Gas nozzle D15 / D25x63 CT M23x2 ,42.0001.4051.5,否,
喷嘴MTG 320i/MTW 320i/MTW 509i,Gas nozzle D15 / D25x68 CT M23x2 ,42.0001.4052.5,否,
喷嘴MTG 320i/MTW 320i/MTW 510i,Gas nozzle D15 / D25x61 CT/C M23x2,42.0001.4496.5,否,
喷嘴MTG 320i/MTW 320i/MTW 511i,Gas nozzle D13 / D25x59 CT M23x2 ,42.0001.4085.5,否,
喷嘴MTG 320i/MTW 320i/MTW 512i,Gas nozzle D13 / D25x61 CT M23x2 ,42.0001.4086.5,否,
喷嘴MTG 320i/MTW 320i/MTW 513i,Gas nozzle D13 / D25x63 CT M23x2 ,42.0001.4080.5,否,
喷嘴MTG 320i/MTW 320i/MTW 514i,Gas nozzle D13 / D25x61 CT/C M23x2,42.0001.4497.5,否,
喷嘴MTG 320i/MTW 320i/MTW 515i,Gas nozzle cylindrical D21.1 / D25x75 CT M23x2,42.0001.4053.5,否,
喷嘴MTG 320i/MTW 320i/MTW 516i,Gas nozzle D17 / D25x68 CT M23x2 ,42.0001.4049.5,否,
喷嘴MTG 320i/MTW 320i/MTW 517i,Gas nozzle D17 / D25x75 CT M23x2 ,42.0001.4043.5,否,
喷嘴MTG 320i/MTW 320i/MTW 518i,Gas nozzle D15 / D25x68 CT M23x2 ,42.0001.4052.5,否,
喷嘴MTG 320i/MTW 320i/MTW 519i,Gas nozzle D15 / D25x73 CT M23x2 ,42.0001.4475.5,否,
喷嘴MTG 320i/MTW 320i/MTW 520i,Gas nozzle D15 / D25x75 CT M23x2 ,42.0001.4045.5,否,
喷嘴MTG 320i/MTW 320i/MTW 521i,Gas nozzle D15 / D25x80 CT M23x2 ,42.0001.4047.5,否,
喷嘴MTG 320i/MTW 320i/MTW 522i,Gas nozzle D15 / D25x73 CT/C M23x2,42.0001.4495.5,否,
喷嘴MTG 320i/MTW 320i/MTW 523i,Spatter guard D11.2/D20.2x22 ,42.0001.4087.5,否,
喷嘴MTG 320i/MTW 320i/MTW 524i,Spatter guard D10 / D20.8x24mm ,42.0001.4088.5,否,
绝缘环,Insulation ring D17.5 / D11.1x7 mm ,42.0100.1428.5,否,
绝缘环,Insulation ring D20.5 / D12.15x8mm ,42.0100.1429.5,否,
绝缘环,Insulation ring D17.8 / 14x10.8 ,42.0100.1320.5,否,
绝缘环,Insulation ring D18.2 / D10.2x2.9mm ,42.0100.1407.5,否,
绝缘环,Insulation ring W D20.8 / 14x7.3 ,42.0100.1329.5,否,
绝缘环,Insulation ring D17.5 / D10.15x7mm HD ,42.0100.0529.5,否,
绝缘环,Insulation ring D20.5 / D12.15x8mm HD ,42.0100.0530.5,否,
导电咀M6 for MTG 250i / MTW 251i,Contact tip 0.8 / M6 / D8x24 ,42.0001.4461.10,否,
导电咀M6 for MTG 250i / MTW 252i,Contact tip 0.9 / M6 / D8x24 ,42.0001.4462.10,否,
导电咀M6 for MTG 250i / MTW 253i,Contact tip 1.0 / M6 / D8x24 ,42.0001.4463.10,否,
导电咀M6 for MTG 250i / MTW 254i,Contact tip 1.2 / M6 / D8x24 ,42.0001.4464.10,否,
导电咀M6 for MTG 250i / MTW 255i,Contact tip 1.4 / M6 / D8x24 ,42.0001.4465.10,否,
导电咀M6 for MTG 250i / MTW 256i,Contact tip 1.6 / M6 / D8x24 ,42.0001.4466.10,否,
M8 for MTG 320i / MTG 400i / MTW 320i / MTW 500i /MTW 701,Contact tip 0.8 / M8x1.5 / D10x32 ,42.0001.6464.10,否,
M8 for MTG 320i / MTG 400i / MTW 320i / MTW 500i /MTW 702,Contact tip 0.9 / M8x1.5 / D10x32 ,42.0001.6465.10,否,
M8 for MTG 320i / MTG 400i / MTW 320i / MTW 500i /MTW 703,Contact tip 1.0 / M8x1.5 / D10x32 ,42.0001.6466.10,否,
M8 for MTG 320i / MTG 400i / MTW 320i / MTW 500i /MTW 704,Contact tip 1.2 / M8x1.5 / D10x32 ,42.0001.6467.10,否,
M8 for MTG 320i / MTG 400i / MTW 320i / MTW 500i /MTW 705,Contact tip 1.4 / M8x1.5 / D10x32 ,42.0001.6468.10,否,
M8 for MTG 320i / MTG 400i / MTW 320i / MTW 500i /MTW 706,Contact tip 1.6 / M8x1.5 / D10x32 ,42.0001.6469.10,否,
M8 for MTG 320i / MTG 400i / MTW 320i / MTW 500i /MTW 707,Contact tip 1.8 / M8x1.5 / D10x32 ,42.0001.6470.10,否,
M8 for MTG 320i / MTG 400i / MTW 320i / MTW 500i /MTW 708,Contact tip 2.0 / M8x1.5 / D10x32 ,42.0001.6471.10,否,
M8 for MTG 320i / MTG 400i / MTW 320i / MTW 500i /MTW 709,Contact tip 2.4 / M8x1.5 / D10x32 ,42.0001.6472.10,否,
M8 for MTG 320i / MTG 400i / MTW 320i / MTW 500i /MTW 710,Contact tip 2.8 / M8x1.5 / D10x32 ,42.0001.4642.10,否,
导电咀M8焊铝,Contact tip 1.0 / M8x1.5 / D10x32 Al ,42.0001.4750.10,否,
导电咀M8焊铝,Contact tip 1.2 / M8x1.5 / D10x32 Al ,42.0001.4751.10,否,
导电咀M8焊铝,Contact tip 1.6 / M8x1.5 / D10x32 Al ,42.0001.4752.10,否,
TPS600I机器人地线,GroundCable 95i R PC/4m,02*43.0004.4982,是,798720749976
TPS600I机器人地线,GroundCable 95i R PC/10m,02*43.0004.4983,是,798720749976
TPS600I机器人地线,GroundCable 95i R PC/15m,02*43.0004.4983-15m,是,798720749976
TPS600I机器人地线,GroundCable 95i CL/PC/30m cable lug / PC male,02*43.0004.4983-30M,是,798720749976
地线配件,Current plug 50-70mm?/600A,02*43.0003.0019,否,
地线配件,Cable coupling M,02*43.0003.0062,否,
地线配件,Cable coupling 50- 70mm?,02*43.0003.0064,否,
地线配件,Current plug,02*43.0003.0065,否,
气表,Pressure regulator Ar/CO2 Standard 3-30;l/min;   氩气表,02*42.0510.0011,否,
气表,198C-25L-220V  二氧化碳气表（带加热功能）,GENT0011,否,
气表,捷锐152IN-125气体减压阀（压力表.可调节输出压力）,GENT0002,否,
气表,捷锐195A-25L氩气减压器,GENT0005,否,
气表,Pressure regulator Ar/CO2 Standard 200/32L G5/8in气表,42.0510.0189,否,
遥控器（选配）,,,否,
遥控器（选配）,I-kit mounting RCU 5000i  安装座,4.100.433,否,
遥控器（选配）,I-kit mounting RCU 5000i安装固定座,02*4.100.433,否,
遥控器（选配）,OPT/i TPS SpeedNet connector /IK for 4.100.886,4.100.910.CK,否,
遥控器（选配）,TPS/i Key Card  IC卡,4.044.032,否,
遥控器（选配）,TPS/i Key Fob   钥匙卡,4.044.031,否,
